cpu_usage_percent,memory_usage_mb,mouse_clicks_per_min,keyboard_strokes_per_min,network_activity_kb,window_focus_time_sec,time_since_last_interaction_min,power_consumption_watts,status,app_name,timestamp
32.4507123,254.9516577,6,22,36.2895854,3.006999401,0.479342698,5,Active,TaskManager,23:11.8
22.92603548,219.3475262,7,32,56.76230428,41.82429569,0.870490683,68.52035384,Active,Steam,23:41.8
34.71532807,154.4722777,7,16,100.903733,0,2.414742066,40.22396225,Active,PowerPoint,24:11.8
47.84544785,101.4797417,10,22,15.94323932,55.30028468,0.845290088,27.42694639,Active,MediaPlayer,24:41.8
21.48769938,202.3667485,10,28,10.82985959,16.55636728,16.57792023,51.71870783,Active,MediaPlayer,25:11.8
21.48794565,179.5114039,6,31,24.19699036,57.17415598,14.66752367,48.73083642,Active,MediaPlayer,25:41.8
48.68819223,217.1394915,4,24,71.0511619,0,2.048191365,30.01075073,Active,Firefox,26:11.8
36.51152094,197.6378851,4,20,53.7585639,22.29624745,5.104753465,19.2883113,Active,WhatsApp,26:41.8
17.95788421,228.7164536,4,28,6.72092987,4.139791685,3.81520215,54.36830716,Active,Steam,27:11.8
33.13840065,109.8573591,9,30,52.98672793,57.06709845,8.452886829,28.00256657,Active,PowerPoint,27:41.8
18.04873461,248.8045549,7,23,96.54313298,63.58049597,4.93686119,47.2876695,Active,Steam,28:11.8
18.0140537,164.8199704,11,26,57.93441203,0,0.001262432,52.46890711,Active,Discord,28:41.8
28.62943407,305.6445654,8,23,54.93673672,47.31723117,7.202156065,64.36352306,Active,Calculator,29:11.8
0,98.31091364,12,23,56.74226359,51.37374707,6.868828296,87.38207205,Active,Notepad,29:41.8
0,280.1972852,10,25,62.43508162,36.5136905,3.563920705,49.74418403,Active,Steam,30:11.8
16.56568706,164.8433088,4,22,11.98695316,41.76326619,11.66104661,36.49277059,Active,Spotify,30:41.8
9.807533195,101.1436497,3,30,43.04227994,40.3211003,11.95414282,78.16871814,Active,Word,31:11.8
29.71370999,113.7085624,5,26,44.60731601,47.39016964,3.710759444,65.96185458,Active,Discord,31:41.8
11.37963887,125.9739519,10,23,35.4959294,8.15065919,4.682317086,48.36766056,Active,VS Code,32:11.8
3.81544448,181.812446,5,32,70.58364826,54.00988689,28.30659272,49.72973892,Idle,Slack,32:41.8
46.98473153,189.2126616,4,23,30.9801961,34.18692672,1.774954919,45.53823448,Active,Firefox,33:11.8
21.61335549,106.9724997,10,19,39.20094736,32.9866768,1.962378502,48.24423009,Active,WhatsApp,33:41.8
26.01292307,148.1734056,6,22,12.19481958,41.33249898,1.009197407,42.96269297,Active,Slack,34:11.8
3.628777207,310.6702769,10,26,61.34931679,4.584624223,11.31042883,25.50339035,Active,Word,34:41.8
16.83425913,279.5657378,11,23,78.25708885,0,6.822437149,45.17746918,Active,Spotify,35:11.8
26.66383885,182.7242752,5,27,39.16938447,27.57935675,0.558250428,80.14548434,Active,Discord,35:41.8
7.735096339,152.8502609,8,19,74.22171232,60.87077863,20.02270701,28.67915998,Active,Photoshop,36:11.8
30.63547028,159.0023495,6,31,45.59129674,6.292347426,6.564507803,39.57457361,Active,Spotify,36:41.8
15.99041965,196.013848,9,16,0,33.50308881,9.503033937,27.16161468,Active,Photoshop,37:11.8
20.62459375,73.29055761,11,29,48.45453996,15.66632184,0.246743244,68.14664591,Active,WhatsApp,37:41.8
15.97440082,130.6967597,13,31,44.73286372,12.98043141,3.515592839,61.59408259,Active,FileExplorer,38:11.8
52.78417277,24.85619446,4,17,53.08986799,40.01496732,5.996556542,19.43374359,Active,Chrome,38:41.8
24.79754163,179.9417342,8,18,57.59556305,45.18750999,3.914775061,5,Active,PowerPoint,39:11.8
9.134336066,198.5396955,5,25,29.48235424,14.24897062,5.492773437,62.31402358,Active,Chrome,39:41.8
37.33817368,113.7610153,11,28,94.13944933,57.74500512,8.515284365,18.21465756,Active,Spotify,40:11.8
6.68734525,268.0490072,8,18,48.01515339,38.45007253,2.344717461,61.56532714,Active,Calculator,40:41.8
28.13295393,58.06757527,3,25,44.01008977,25.16644071,9.441418224,32.23853929,Active,Calculator,41:11.8
0,40.17188398,10,24,72.33588825,36.95036072,0.889154901,58.89999338,Active,Photoshop,41:41.8
5.077209267,166.8338864,12,35,50.55619836,70.72695029,1.57962628,53.88232852,Active,Photoshop,42:11.8
27.95291854,228.5323727,7,36,126.9752498,45.07061502,0.221565511,34.2709177,Active,TaskManager,42:41.8
36.0769987,276.2945769,8,28,43.70276627,16.02606129,2.26614014,27.42015974,Active,Notepad,43:11.8
27.57052422,115.5836803,2,28,60.55446353,29.62585009,2.389449581,56.51593426,Active,Steam,43:41.8
23.26527576,230.9010625,6,26,27.52542035,32.62537742,8.180721811,31.1482856,Active,TaskManager,44:11.8
20.48344457,147.1118648,2,30,76.11606629,43.30713575,5.294035707,67.17960477,Active,Photoshop,44:41.8
2.822170144,137.0529525,11,31,59.26155183,34.79095442,2.869914902,28.35300171,Active,Spotify,45:11.8
14.20233687,216.2744953,11,21,39.83095848,67.90647818,5.279401888,52.00700642,Active,Calculator,45:41.8
18.09041844,198.9242159,8,24,23.82685704,25.46627143,0.271137187,37.19590988,Active,VS Code,46:11.8
40.85683339,31.77058823,14,21,10.71733101,0,0.993910675,45.11428221,Active,WhatsApp,46:41.8
30.15427434,260.7405262,13,25,62.56143677,34.29057139,4.930185354,30.98946019,Active,Chrome,47:11.8
0,253.5068516,2,29,8.393615884,21.17749602,5.127275967,41.42787129,Active,Chrome,47:41.8
29.86125954,103.0827974,12,24,89.25422508,0,7.439081461,5,Active,Telegram,48:11.8
19.22376579,179.685265,7,22,12.11464251,15.92952037,2.57918881,28.74155035,Active,Calculator,48:41.8
14.84617,187.052264,9,19,44.64875241,22.83224064,6.410646538,33.24776633,Active,FileExplorer,49:11.8
34.17514433,169.5505324,6,33,23.55376184,52.79608433,5.759754143,43.56246941,Active,Word,49:41.8
40.46499284,108.7271135,8,30,50.98058703,0.335033642,16.53763068,70.86383537,Active,Steam,50:11.8
38.96920179,99.6282474,9,21,50.79521538,36.99570535,1.211187342,31.04538968,Active,Notepad,50:41.8
12.41173715,148.0834447,7,28,63.34408994,74.40961243,4.011235214,73.27970314,Active,PowerPoint,51:11.8
20.36181436,237.9546764,8,27,4.211630185,26.50276729,4.603557974,27.77162724,Active,Discord,51:41.8
29.96895147,190.7700116,6,28,27.08892022,25.91519021,33.03042599,22.83756072,Active,Calculator,52:11.8
39.63317691,122.2039251,7,33,79.11642353,44.39553039,1.123124128,7.31567463,Active,Telegram,52:41.8
17.81238643,207.8774033,10,22,69.75654806,40.44363192,3.703479788,57.13569294,Active,Telegram,53:11.8
22.21511535,10,9,30,0,58.35124448,2.124656564,46.7204485,Active,Photoshop,53:41.8
8.40497539,236.1574275,9,18,61.3168876,26.65777744,3.73161089,55.95072439,Active,TaskManager,54:11.8
7.056900639,19.52146659,2,27,19.02605072,44.04385823,1.320665053,47.63241378,Active,MediaPlayer,54:41.8
37.18788734,122.8169294,6,30,32.2453137,44.36201578,0.243915808,44.81605672,Active,Telegram,55:11.8
45.34360043,66.0247579,9,30,43.18017238,23.28888214,4.249770554,50.68847481,Active,WhatsApp,55:41.8
23.91984818,52.89888932,4,19,96.72170473,27.7203962,2.046268749,88.04972266,Active,PowerPoint,56:11.8
40.05299347,237.0620091,13,23,18.71907772,29.77601657,1.004106545,35.52123608,Active,Discord,56:41.8
30.42454038,114.9224099,8,21,7.883199458,5.246003707,1.957334455,86.08644411,Active,Word,57:11.8
15.32320368,175.9877911,11,40,63.5095648,22.22643213,0.252679493,62.0472627,Active,Chrome,57:41.8
30.42093408,146.4809566,6,30,49.15947133,59.92329054,15.02308151,52.30395817,Active,Steam,58:11.8
48.0705485,185.778062,8,19,86.21009716,50.75433231,4.351187202,56.0905714,Active,Notepad,58:41.8
24.46260941,155.7616418,7,21,39.41498282,18.40128169,8.430749319,5,Active,Spotify,59:11.8
48.46965484,53.77558319,11,14,86.32451778,29.68515703,2.750589409,39.76672832,Active,Chrome,59:41.8
0,224.7200115,8,16,50.48805793,49.42779779,11.68146785,31.59533276,Active,Discord,00:11.8
37.32853757,112.9682563,11,25,65.87345326,38.86811375,3.301640548,87.24786657,Active,Slack,00:41.8
26.30570602,33.2563576,2,24,98.71830461,45.99821905,4.265937947,38.17202694,Active,Spotify,01:11.8
20.51488974,117.8913629,5,33,44.98256286,40.68256238,3.384341813,44.40400048,Active,Firefox,01:41.8
26.37641165,262.5569843,5,32,81.33998707,34.30822805,6.607747354,44.07912531,Active,Word,02:11.8
0,213.7666307,6,23,31.59204285,26.68214634,4.181117941,18.86934717,Active,Telegram,02:41.8
21.70492168,123.8510899,12,27,56.82616862,6.097828795,1.584517267,33.79556744,Active,WhatsApp,03:11.8
30.35668857,123.8056722,5,30,6.66022485,43.84469771,0.7864252,61.33795823,Active,Firefox,03:41.8
47.16841067,125.8773712,7,28,34.87040093,25.56495964,4.658600637,5,Active,Photoshop,04:11.8
17.22594673,305.7560988,7,17,18.25894223,0,3.35868963,51.22704766,Active,FileExplorer,04:41.8
12.87259596,178.6451589,13,23,86.6225781,19.08682014,0.504495174,26.97040422,Active,PowerPoint,05:11.8
17.47364435,182.2531235,9,30,102.1639508,47.04579379,2.517739734,70.99837956,Active,MediaPlayer,05:41.8
38.73103177,227.2712591,8,26,39.35894167,0,3.615727543,52.89843534,Active,Spotify,06:11.8
29.93126664,167.9091869,8,22,26.80885453,9.409509696,8.769233647,14.60464234,Active,Discord,06:41.8
17.05359694,130.5718391,4,23,10.5816651,32.74266803,0.395762906,36.67709567,Active,TaskManager,07:11.8
32.6990115,135.2737613,10,31,57.93624128,58.11437287,2.142353712,54.07120061,Active,PowerPoint,07:41.8
26.45616324,144.6299055,13,19,31.93140936,49.99952138,8.648323108,38.92091874,Active,PowerPoint,08:11.8
39.52967486,147.2083323,6,33,33.53850976,60.03269237,5.226645904,47.90240666,Active,Excel,08:41.8
14.46920359,204.5722158,9,20,98.88765852,34.15563697,1.712158045,44.61526478,Active,Firefox,09:11.8
20.0850678,153.8959414,9,27,41.10804045,25.81639131,9.332472901,62.33642172,Active,Notepad,09:41.8
19.1183777,204.9480058,9,20,67.59948711,46.86613349,3.399117487,53.79131549,Active,Chrome,10:11.8
3.047275778,143.9462565,3,21,51.5888327,12.0126544,3.449281919,44.03583229,Active,Excel,10:41.8
29.44180416,155.8976393,8,24,9.34383778,10.452335,18.77239172,45.35835476,Active,Spotify,11:11.8
28.91582908,10,9,29,0,6.898204497,14.6983198,23.34331875,Active,Telegram,11:41.8
25.07670185,218.7245756,7,27,64.62566176,51.77769242,2.219985223,74.34764021,Active,Notepad,12:11.8
21.481193,175.9866357,6,26,101.1233156,13.30838845,0.75748261,104.2442773,Active,Photoshop,12:41.8
3.769438869,224.8507582,4,34,59.44962606,50.01206817,1.970154139,38.39301507,Active,VS Code,13:11.8
18.69032016,10,16,22,68.7227055,32.96900567,0.154787691,45.95398942,Active,Firefox,13:41.8
19.85928225,306.6281029,11,17,22.85881083,52.03479299,0.104932862,65.30093887,Active,FileExplorer,14:11.8
12.96584096,139.5307779,9,25,80.44683026,7.892356373,2.516951144,65.18939345,Active,MediaPlayer,14:41.8
22.58071433,233.1137113,7,23,80.07513365,17.48968687,14.15276935,48.56619913,Active,MediaPlayer,15:11.8
31.06076285,72.00705547,13,26,29.11404583,39.07978129,10.25358403,25.47661963,Active,Excel,15:41.8
53.29278852,195.9580429,4,18,66.36226321,21.38080187,3.581493953,81.36317673,Active,MediaPlayer,16:11.8
27.61866719,70.99383276,10,24,0,0,4.164648999,58.6246864,Active,Discord,16:41.8
28.86325586,103.2173279,8,23,71.717359,2.554810952,0.029755849,49.41097814,Active,Word,17:11.8
23.88331126,293.5523515,8,28,32.82747243,7.73486612,1.213550901,30.5434474,Active,Calculator,17:41.8
0,135.6988199,5,22,13.18612589,9.217077393,0.125430851,46.15910337,Active,MediaPlayer,18:11.8
24.60229187,166.3074655,9,31,62.07919871,43.63566364,7.02309687,8.711052655,Active,Word,18:41.8
25.90345315,215.2550798,5,26,0,36.74097382,0.787047062,59.81809266,Active,Steam,19:11.8
61.94863169,187.1761416,6,24,60.27240742,33.24449227,10.16458791,64.69469372,Active,PowerPoint,19:41.8
22.11458553,161.2814179,8,29,16.03162611,70.17338016,5.154641759,49.59517984,Active,Calculator,20:11.8
29.52321014,177.3720752,5,17,9.611716303,53.50448911,1.303050417,25.79494151,Active,MediaPlayer,20:41.8
24.47932345,330.2561689,13,20,51.79558884,46.0363858,0.858215775,54.03795172,Active,Slack,21:11.8
7.469829436,145.6785902,11,25,44.82346227,0.0946788,4.939265324,60.74716093,Active,Calculator,21:41.8
42.14234222,165.0824285,9,28,93.70368353,31.19079872,11.5549506,30.13527266,Active,Steam,22:11.8
36.27899549,228.7990797,6,27,11.4559625,35.97393325,6.335631983,63.67984446,Active,Notepad,22:41.8
36.86547921,232.914445,9,22,91.25163473,21.69545541,2.142747457,55.49034869,Active,Excel,23:11.8
11.35918818,239.0272729,9,24,15.87066187,64.12759562,4.426184599,39.51967372,Active,Photoshop,23:41.8
46.04191466,197.9047667,3,19,77.58327249,31.02407821,1.860840987,33.84688842,Active,Steam,24:11.8
3.972234058,64.27463155,7,13,83.18277569,5.433024695,35.34882333,41.4225079,Idle,TaskManager,24:41.8
33.80285641,272.5073649,8,18,59.64376358,10.05245259,6.908309308,25.58664465,Active,Chrome,25:11.8
57.85683439,64.02409552,8,31,26.27138358,75.64684676,4.764535513,50.2052546,Active,Calculator,25:41.8
10.14195512,172.6976599,7,20,4.311365841,21.59754045,2.751811171,56.16969042,Active,Spotify,26:11.8
16.50553406,93.42931125,6,25,0,0,4.813667077,68.37193186,Active,Firefox,26:41.8
26.49477048,145.189624,5,25,105.5687286,18.01311039,2.089835131,50.9489721,Active,VS Code,27:11.8
17.44786519,174.6571808,10,18,41.09435319,0,0.146448116,52.82635532,Active,Word,27:41.8
1.740048534,174.1017912,5,21,16.85997357,48.34621597,2.513365748,39.63984515,Active,Calculator,28:11.8
26.02844462,181.6440566,8,27,15.70518182,0,13.33076294,27.51792874,Active,WhatsApp,28:41.8
9.065444294,271.0283452,8,14,55.03587181,1.955898193,4.92152436,36.40136058,Active,MediaPlayer,29:11.8
32.10388646,184.0150726,8,18,38.15443689,30.07977121,0.438452782,73.56141624,Active,Notepad,29:41.8
11.20863649,131.6882524,6,22,0,52.18760334,10.81383808,57.68161874,Active,Chrome,30:11.8
48.24901608,222.3065376,8,26,75.93622008,28.61131863,1.565853146,53.14794355,Active,VS Code,30:41.8
13.25120061,239.2102867,7,28,60.04950666,4.847091244,1.39704523,8.692584206,Active,Notepad,31:11.8
20.16907726,57.92941386,10,26,105.19733,33.65125981,1.762638982,51.25626633,Active,Spotify,31:41.8
37.20275826,194.8050052,7,28,84.22374343,20.64405072,4.304306569,18.40634785,Active,Notepad,32:11.8
6.537035253,202.5879557,8,26,0,52.65404346,3.93386293,19.83262811,Active,Steam,32:41.8
28.41189902,127.6827372,9,27,92.50921922,47.09576003,3.380602352,22.07294782,Active,Excel,33:11.8
44.60714131,253.178011,8,20,86.22473748,19.25681075,6.321036136,29.5433308,Active,Telegram,33:41.8
0.887751482,138.745831,6,32,27.90881743,45.59545621,1.902919137,61.6677898,Active,Word,34:11.8
27.76950788,159.418234,9,25,37.02272729,35.42451228,7.617781153,49.53184252,Active,Chrome,34:41.8
28.89824191,137.0196132,7,23,62.35175322,57.33618933,0.963809409,26.13707444,Active,Discord,35:11.8
36.72734308,151.1684286,8,23,19.57354974,44.74362613,7.630559674,33.38517763,Active,Calculator,35:41.8
6.445739337,67.77936848,11,18,42.71813395,40.9399145,5.450395579,54.96628841,Active,Excel,36:11.8
5.193150804,41.99618381,7,14,80.00112337,56.55918957,5.747554245,58.95614271,Active,Slack,36:41.8
32.82912348,269.5878797,9,35,65.53183726,30.30809363,3.284591202,47.67266386,Active,Telegram,37:11.8
29.4547701,86.47789888,8,19,29.99645708,14.53799088,5.498086958,22.0501917,Active,Word,37:41.8
28.75739276,75.64557379,6,25,80.6828167,34.01679477,0.415805159,36.74947855,Active,PowerPoint,38:11.8
30.19672314,10,6,20,59.08685788,22.89171392,9.537573013,92.61982979,Active,Calculator,38:41.8
14.79962918,102.0778689,14,22,58.06116359,42.08393098,0.285748011,20.78251934,Active,WhatsApp,39:11.8
28.48380546,50.76826549,12,27,34.55202911,31.2388807,0.805197239,52.49865737,Active,Photoshop,39:41.8
29.3960871,273.151137,5,22,49.80384369,38.05873745,4.299430402,87.41665991,Active,Calculator,40:11.8
14.28472873,225.7362817,12,35,26.77725555,5.917705342,6.724062866,39.53031533,Active,Excel,40:41.8
52.98661767,98.38872411,8,13,0,40.16573071,0.396577501,81.67607719,Active,Notepad,41:11.8
32.10749381,318.9326854,7,34,41.60623503,4.295544263,12.67667406,31.24630758,Active,Telegram,41:41.8
7.130447542,223.6324115,4,17,46.33543262,49.23520363,18.17340519,5.502099379,Active,Word,42:11.8
34.84830413,125.6376462,5,29,54.11866338,49.26508753,4.656389566,33.41444054,Active,Discord,42:41.8
10.37977495,10,5,19,86.36463795,36.95908265,3.281602957,29.84589997,Active,Steam,43:11.8
36.80626906,321.8206929,4,26,30.43145466,36.20173817,6.762266854,11.59643615,Active,Chrome,43:41.8
42.37893369,45.78206499,7,30,38.96743989,25.52687859,1.990144271,36.65102062,Active,Word,44:11.8
12.68976522,26.59509398,9,29,72.98532793,17.93542657,3.398829889,64.81992359,Active,MediaPlayer,44:41.8
39.45064194,226.6927824,7,18,27.42433656,29.70041589,12.39369018,33.11759623,Active,VS Code,45:11.8
31.1917139,332.9814305,6,23,54.61248586,69.65369843,15.57882453,37.47993686,Active,Photoshop,45:41.8
37.3309024,253.8204614,7,35,37.75153959,34.58637834,13.09121541,72.41017306,Active,Slack,46:11.8
53.45189474,192.293184,4,18,42.69126852,3.085017919,1.522093878,30.03458004,Active,Telegram,46:41.8
21.31917826,194.6065756,9,23,72.74434668,0,1.322882309,57.37855227,Active,FileExplorer,47:11.8
13.69395753,214.0061669,10,27,38.79640832,1.23851297,1.766720387,10.85134179,Active,FileExplorer,47:41.8
11.65728356,206.9196442,11,24,73.72232022,22.44806839,2.910812562,25.67715942,Active,WhatsApp,48:11.8
12.76284573,171.0893568,11,31,0,55.31598169,1.885608615,40.7313787,Active,MediaPlayer,48:41.8
23.84347436,157.8150828,8,20,7.111559782,9.530324273,2.343724475,69.1823962,Active,Discord,49:11.8
30.11727962,145.3055154,10,18,0,58.43492969,4.846308112,26.74919965,Active,TaskManager,49:41.8
29.15036199,93.45265583,9,22,15.02688148,33.58896783,7.188478877,26.50880344,Active,Word,50:11.8
37.40774874,128.9493692,8,23,105.7053099,39.66887337,6.650670416,50.44704975,Active,Notepad,50:41.8
25.19502838,23.02823894,3,14,49.47392274,39.12079177,8.421442222,53.65772989,Active,Excel,51:11.8
46.80301116,142.624528,5,25,28.36091749,41.81330593,0.163568545,24.2880405,Active,Excel,51:41.8
21.0301475,75.85566696,7,22,73.48420475,21.77269024,0.244553253,34.56208525,Active,MediaPlayer,52:11.8
65.8025375,67.23080121,7,32,77.72033172,0,7.788568871,66.73321656,Active,Firefox,52:41.8
34.38501022,163.4920613,8,18,13.37456558,18.23285955,3.8079741,21.39981825,Active,VS Code,53:11.8
12.14263665,254.4001715,5,24,124.9460035,12.24241629,4.315416853,51.82953478,Active,Calculator,53:41.8
8.936612529,218.8737455,7,29,58.28992529,36.21124967,0.270100096,34.64933022,Active,Spotify,54:11.8
32.23708623,32.21245473,7,25,62.07055965,34.38477835,1.473961795,73.05162834,Active,TaskManager,54:41.8
21.64805822,75.77788976,7,26,64.91699454,24.55240754,5.085451446,56.60839513,Active,Excel,55:11.8
35.71000741,220.5578391,7,21,64.8541361,65.1104996,9.801431111,62.61125789,Active,Photoshop,55:41.8
32.09856437,76.31344548,10,32,31.35579786,17.18542775,12.44357329,34.2483189,Active,Spotify,56:11.8
23.90756631,133.1525138,7,21,113.3755787,0,3.469932622,61.49030312,Active,Word,56:41.8
12.29809423,191.2539074,9,26,41.4443466,32.38913347,3.942503367,60.96954021,Active,Spotify,57:11.8
2.27729163,77.37416589,7,19,78.72553333,53.78389944,8.950293514,55.38977748,Active,Discord,57:41.8
18.30227572,157.903163,5,20,35.75196133,35.74321755,3.856890827,39.34781465,Active,Firefox,58:11.8
37.84598191,49.94808788,8,24,30.43200491,22.86723012,3.637228802,48.2521069,Active,Steam,58:41.8
28.21140616,104.8974267,12,25,107.0559384,34.8089501,11.77381693,7.945809303,Active,Excel,59:11.8
6.313918319,173.9836451,4,18,46.7488689,66.77813129,7.801637118,80.18009236,Active,PowerPoint,59:41.8
27.59771389,30.52546999,9,30,48.97678397,12.49743944,11.98846542,32.92154813,Active,Notepad,00:11.8
30.7797607,183.0356053,7,21,58.50851617,30.61746368,1.231082576,38.30298541,Active,Telegram,00:41.8
11.74213846,148.5271651,9,18,128.0531141,43.39885552,3.715632868,18.64402935,Active,Firefox,01:11.8
27.30587659,191.4367466,10,28,115.062835,35.07774381,9.240764375,58.45789733,Active,Chrome,01:41.8
25.87313078,166.7935601,6,31,88.51347825,25.04265882,0.589121712,55.58420088,Active,Notepad,02:11.8
7.855445533,252.3105322,11,37,135.6086775,21.47348267,7.915493143,39.08967413,Active,Word,02:41.8
30.36681041,159.3918377,6,31,21.6626984,24.29611051,1.010418031,5,Active,MediaPlayer,03:11.8
33.4117679,117.7945844,9,20,69.67651972,40.64064651,8.254393069,30.76889012,Active,Steam,03:41.8
41.24576865,159.1723127,9,24,52.27468793,39.47544724,4.733761779,54.20045398,Active,Notepad,04:11.8
40.80703078,190.7473522,7,17,0,71.89437168,1.07362042,50.02843215,Active,Slack,04:41.8
4.334959481,153.6645053,7,29,63.89290792,0,3.206135117,44.07597058,Active,Discord,05:11.8
10.9326244,153.0443768,8,22,35.2752056,65.1581338,5.72702861,36.52104676,Active,PowerPoint,05:41.8
32.72552901,97.35062341,12,27,96.00502523,25.91047341,5.023600581,13.42759703,Active,PowerPoint,06:11.8
32.70678926,100.2824312,7,31,38.14934407,28.18825957,2.786505312,64.27741038,Active,Excel,06:41.8
32.72571529,44.80460462,4,33,36.44324092,47.1746627,11.48135181,16.19757742,Active,Notepad,07:11.8
82.79097236,281.2182557,7,21,95.99206478,47.0481682,3.662178991,40.91501376,Active,Notepad,07:41.8
33.56335766,56.71025735,7,18,48.03638065,53.13236068,3.524755857,24.30217963,Active,Slack,08:11.8
42.0334846,98.03211017,7,26,84.88633081,57.49554578,0.321362596,64.87379353,Active,Telegram,08:41.8
39.31002645,96.11945508,5,36,62.7307832,29.20338009,12.76295552,56.64054707,Active,Calculator,09:11.8
34.77086877,217.1193283,7,22,63.13314384,57.75261762,0.974703635,37.85595417,Active,Discord,09:41.8
20.27096133,127.8787741,6,22,42.67857881,17.41687628,3.757534214,58.82368317,Active,WhatsApp,10:11.8
36.38453831,243.5806555,7,16,65.06630137,23.89406049,8.137184672,15.16521385,Active,Chrome,10:41.8
13.40762178,99.48820318,7,29,46.05524564,26.35969862,1.213245754,43.41004108,Active,VS Code,11:11.8
21.4477209,170.9245622,11,34,25.88589657,19.46740774,3.747246993,23.9027314,Active,PowerPoint,11:41.8
17.71954678,87.34897101,10,32,46.87237054,31.19712649,1.376692242,65.50126592,Active,WhatsApp,12:11.8
26.22811209,310.8861846,8,22,88.63492366,47.92849444,7.1292316,52.4857902,Active,Notepad,12:41.8
59.7198785,60.93011857,11,31,66.08027677,43.02691955,4.154479185,57.99886036,Active,VS Code,13:11.8
0,173.2365533,7,27,73.05322194,17.73631334,9.688871787,33.93515632,Active,PowerPoint,13:41.8
35.29390286,197.5332661,11,31,50.04402114,16.0895857,11.24797134,59.89622098,Active,Excel,14:11.8
0.809261932,181.0349323,4,16,0,12.89306009,5.231050172,22.66039383,Active,MediaPlayer,14:41.8
17.92102201,136.1034256,6,26,13.35714505,31.77583645,6.462039538,25.52948383,Active,Discord,15:11.8
41.33425895,140.2634475,8,26,41.32983339,0,3.983880425,41.49687091,Active,WhatsApp,15:41.8
25.96420029,153.2858604,12,22,15.94812963,12.18799202,2.426022765,26.30553638,Active,Firefox,16:11.8
8.833828331,138.9748499,6,22,34.26927312,20.82357855,5.22229584,59.19209776,Active,Slack,16:41.8
14.27044436,222.2909338,6,26,33.18336291,51.10741916,11.94554423,35.53087481,Active,Spotify,17:11.8
35.19396623,315.7892251,8,26,34.0877378,27.35659458,2.695100052,23.38681141,Active,Photoshop,17:41.8
14.04450052,108.1881161,10,31,93.11509566,50.11717969,1.88737768,20.7963619,Active,Telegram,18:11.8
28.24687884,47.26477653,9,20,48.41065175,33.75149586,2.458686017,58.94786652,Active,Telegram,18:41.8
25.6835776,143.3788464,13,23,78.04010474,20.51401668,2.858167829,5,Active,Notepad,19:11.8
15.22599479,343.4782003,8,24,54.91834834,21.33716201,0.382035529,24.77922275,Active,Firefox,19:41.8
57.15916134,89.7244074,11,17,92.47239823,6.678837628,3.450178535,73.05809568,Active,Telegram,20:11.8
34.50878533,272.9337604,10,19,80.62938815,78.06363851,3.409199231,38.11273339,Active,Word,20:41.8
0,275.8275611,11,22,32.25452391,52.21025103,4.439048809,59.32906386,Active,TaskManager,21:11.8
27.79681472,108.4808819,13,29,108.8488842,42.07451151,2.253515683,53.54998642,Active,PowerPoint,21:41.8
15.07320303,192.6737309,6,25,36.36432779,3.933806328,4.748043252,41.18251395,Active,MediaPlayer,22:11.8
37.78650002,272.1297467,12,24,56.00001997,20.96747823,10.52754421,11.82178834,Active,Notepad,22:41.8
13.11218892,121.5654194,7,30,61.31080499,10.49332645,15.55807202,18.48259823,Active,Notepad,23:11.8
23.27895338,134.731473,9,24,64.65094281,32.55136466,4.380691401,18.1456067,Active,Slack,23:41.8
32.57480918,106.3739315,5,22,73.88539685,11.45385492,0.217622768,54.64101457,Active,Firefox,24:11.8
37.98632791,73.8932452,8,24,27.29646744,16.59418839,17.40705007,58.39161147,Active,FileExplorer,24:41.8
6.995553894,101.3041841,10,37,71.370058,11.97690097,6.118532205,27.42370842,Active,Slack,25:11.8
19.98248146,58.20447999,9,32,67.43436671,25.2049335,2.047091924,43.42456341,Active,Excel,25:41.8
17.87582033,152.5562601,2,26,50.01416104,31.42849961,0.795903133,45.16229397,Active,WhatsApp,26:11.8
15.20006151,92.25200767,8,29,44.30769488,25.73476112,0.77402971,46.56390263,Active,Slack,26:41.8
51.4818136,167.5339434,7,27,25.75695063,60.65812931,0.918078406,29.76026708,Active,PowerPoint,27:11.8
31.07472566,33.30782653,4,20,64.41053486,46.22213809,0.233218087,77.76111197,Active,Discord,27:41.8
6.086740685,174.8160174,8,22,30.1859144,14.33934403,11.62181196,58.55748373,Active,Calculator,28:11.8
38.76792921,212.5146721,13,26,57.13642311,36.51211363,3.891001285,46.4616753,Active,TaskManager,28:41.8
56.83234296,10,5,26,46.96012932,15.98677796,6.019187613,34.62339638,Active,Steam,29:11.8
40.48697891,178.0542427,4,21,9.975177328,22.09752143,8.804459345,28.32863097,Active,Firefox,29:41.8
2.209450511,242.0751744,9,31,21.99684458,39.58394407,7.840064651,52.95790187,Active,VS Code,30:11.8
17.73648891,59.2769236,4,20,62.14327573,43.31299981,10.71108138,35.52455904,Active,Telegram,30:41.8
44.00366724,275.442929,6,27,34.27045658,18.25135971,17.09496736,47.67463853,Active,TaskManager,31:11.8
14.38495802,181.4264257,8,30,33.24739495,7.902608264,2.890801272,7.013776583,Active,VS Code,31:41.8
31.65729142,97.12411082,11,22,27.08157793,31.75406995,15.01232108,34.40412359,Active,Steam,32:11.8
36.6195108,145.8173192,8,20,28.09965431,38.69244817,6.42392533,42.81824206,Active,PowerPoint,32:41.8
11.09604293,191.8745184,4,28,99.27999554,17.23422339,0.366447176,64.35624422,Active,Spotify,33:11.8
24.10711966,155.7004044,6,16,16.40182589,46.33109035,5.725110599,26.55351887,Active,Telegram,33:41.8
0,190.4066994,9,29,94.18709737,42.78586007,5.803236285,15.28333521,Active,Word,34:11.8
9.63418538,80.94948052,9,24,40.07806338,16.94257928,11.81489116,53.89444524,Active,Word,34:41.8
21.21147773,162.7020618,6,34,30.38736522,52.60324372,2.333502513,43.71887131,Active,FileExplorer,35:11.8
6.283252271,43.97141273,10,24,61.51470691,53.21454569,4.396317646,10.55952838,Active,Slack,35:41.8
49.48616956,141.6580454,6,21,51.59122353,71.35336211,0.061312141,11.55680973,Active,TaskManager,36:11.8
3.547879331,82.20692689,4,18,44.07500147,64.23519436,2.017898749,32.06248196,Active,Steam,36:41.8
18.3993327,94.83525431,4,23,56.59650891,11.94773555,0.321325999,43.32505225,Active,Spotify,37:11.8
26.96110866,242.7069881,8,27,51.11594591,48.49965042,3.689394172,72.78570258,Active,Calculator,37:41.8
46.61909934,231.848259,9,31,43.53206746,47.59258593,8.503591503,23.37721335,Active,Slack,38:11.8
3.462067732,195.6853591,10,19,78.07023138,23.03033601,1.1561476,55.77554254,Active,Firefox,38:41.8
42.44745628,68.07654265,13,27,6.590698535,39.09849456,3.747963843,5.782984043,Active,Calculator,39:11.8
25.15349592,126.2693663,11,21,22.56005531,0,1.140834715,52.21921775,Active,MediaPlayer,39:41.8
10.27737023,240.9823275,8,25,26.35354498,0,0.643080138,75.13169692,Active,Discord,40:11.8
31.93155211,160.6287685,11,28,18.26190014,0,3.576931145,47.83409433,Active,FileExplorer,40:41.8
27.98589543,323.9497155,1,22,52.57779828,37.78513843,0.412283124,31.63670818,Active,MediaPlayer,41:11.8
15.99674684,179.498838,14,16,65.16258677,38.73018264,4.42583363,69.6507231,Active,FileExplorer,41:41.8
26.04703127,164.4036837,10,19,0,24.52231774,0.159194922,51.97763663,Active,Spotify,42:11.8
19.22029605,126.8162652,9,27,35.77840781,64.42338258,0.564247843,48.07189213,Active,Chrome,42:41.8
26.70276018,160.0155679,10,21,40.35009258,49.74150806,3.992510542,24.6453412,Active,Calculator,43:11.8
34.93196012,138.5647623,6,27,41.42432132,0,4.475183695,52.27539813,Active,WhatsApp,43:41.8
48.79025224,203.1081508,12,29,11.4473609,26.56051588,0.147076753,31.30567691,Active,Steam,44:11.8
6.432767518,221.7526738,6,23,40.60037382,11.20629368,4.259270314,51.22884169,Active,Spotify,44:41.8
56.99550062,91.05079046,11,32,22.66631324,38.27991737,9.116328866,45.9707828,Active,VS Code,45:11.8
0,50.15752848,7,28,39.9686868,29.3884215,6.406360705,66.68233092,Active,Spotify,45:41.8
22.72322357,12.28459702,7,27,0,12.34043252,0.703125922,33.47988159,Active,Notepad,46:11.8
33.8247581,188.0993495,7,18,40.1732173,63.88945061,4.488260668,42.01306543,Active,Discord,46:41.8
29.21487802,67.24750454,3,32,28.42899212,31.14793816,5.577558922,60.96626474,Active,FileExplorer,47:11.8
15.6595072,10,5,24,42.12556857,21.67920921,0.189709905,40.27924857,Active,Spotify,47:41.8
21.87816624,179.1433953,7,28,59.02378131,24.93720101,9.667110654,44.56947709,Active,Excel,48:11.8
17.60498598,336.9749638,14,27,48.65794819,62.37336092,11.83654601,36.86537237,Active,PowerPoint,48:41.8
16.15952865,149.5446816,9,24,73.80185605,48.2254928,9.500698477,41.72708322,Active,Telegram,49:11.8
37.74403146,212.8868081,4,26,39.1770076,26.75297784,8.704328111,58.41915144,Active,Spotify,49:41.8
30.35523229,156.1372019,12,24,68.56654454,10.1582064,6.831776333,81.718248,Active,Slack,50:11.8
14.60635607,142.583276,9,19,83.74961319,13.27609724,5.017856607,11.42997623,Active,Steam,50:41.8
38.49399813,218.9307362,5,28,58.21279116,20.35714778,5.675764261,19.69962143,Active,Slack,51:11.8
29.60949281,128.2294092,5,30,49.37606508,40.14331518,8.209683966,42.17047593,Active,WhatsApp,51:41.8
37.19293178,170.0544236,7,29,62.43086253,45.13063802,5.430926004,45.99287527,Active,Chrome,52:11.8
34.44443263,174.1273355,13,26,59.27250852,15.48917682,1.985453533,40.64696218,Active,Steam,52:41.8
12.56507484,99.89321598,10,21,80.03729024,46.01520367,2.357712881,33.93442854,Active,Slack,53:11.8
16.5972844,224.4031762,10,24,73.81398379,11.82768224,11.36792196,20.35284991,Active,WhatsApp,53:41.8
36.20940408,136.8780182,5,28,74.17481631,17.76452692,0.086351818,32.78470186,Active,FileExplorer,54:11.8
34.15555398,93.31911304,7,22,51.32077873,1.009529586,6.000245581,61.34473238,Active,Slack,54:41.8
24.68647609,190.2382383,5,16,60.23679898,0.413845076,15.48080844,46.86133553,Active,TaskManager,55:11.8
26.75991075,82.61490137,11,25,59.6757879,11.61145278,6.124759506,58.51123796,Active,Calculator,55:41.8
44.16497344,152.1135868,7,25,13.77861794,29.48536488,25.50716863,20.9317186,Active,WhatsApp,56:11.8
16.12642917,149.3160753,9,16,82.06748055,10.12037239,5.816472589,73.88286641,Active,Telegram,56:41.8
33.20646072,231.4421674,7,21,0,59.96168723,0.17483661,33.76230697,Active,Calculator,57:11.8
21.96711021,185.6023675,8,43,71.36559973,11.35006027,8.772604027,54.50403256,Active,Slack,57:41.8
21.73478195,148.1229781,6,20,58.00988291,33.67892805,1.674776323,42.49838936,Active,Slack,58:11.8
41.48165278,211.3324724,2,33,41.47135317,56.40485935,2.953469465,34.19971323,Active,MediaPlayer,58:41.8
37.38124523,254.2655662,6,34,61.73570476,31.85025209,1.870500243,53.65637083,Active,Calculator,59:11.8
37.20264454,191.835773,6,18,62.55707979,22.72168352,1.563660137,57.01019594,Active,MediaPlayer,59:41.8
44.58218211,150.7764465,12,17,10.7660028,32.94017173,2.822940554,98.76028581,Active,Chrome,00:11.8
25.31505762,51.61228257,5,29,92.48378846,18.76530672,2.380120165,57.78539895,Active,Word,00:41.8
35.22929457,70.11647527,5,25,52.16414162,9.983816119,5.016582115,57.48538309,Active,TaskManager,01:11.8
20.34599865,127.1081472,6,26,119.4419691,42.25412572,8.387277753,67.89763247,Active,VS Code,01:41.8
29.86249529,104.2865848,6,26,73.69313086,18.33777046,1.76262251,55.63708041,Active,Steam,02:11.8
23.04785418,135.9771523,9,24,51.48192041,48.73506527,1.20221891,44.22570462,Active,Word,02:41.8
26.45493947,154.2487444,12,23,29.29882142,45.92525599,5.496491683,51.51450068,Active,WhatsApp,03:11.8
33.92735538,189.7269566,10,23,46.67481388,33.32633019,5.548164958,62.09614071,Active,Notepad,03:41.8
12.72668975,144.7125916,5,28,54.49492186,49.41771778,11.56980979,72.81526344,Active,FileExplorer,04:11.8
56.38580914,186.4876233,10,23,93.96290463,19.11881564,0.080370934,14.78630593,Active,PowerPoint,04:41.8
9.909739278,154.8355811,12,26,86.79979503,45.67553811,9.587996718,7.195186717,Active,Excel,05:11.8
6.787170808,10,4,23,63.54465447,45.57145795,3.68029609,71.96750897,Active,Spotify,05:41.8
42.3716631,79.54984546,8,24,103.0757351,23.97157022,4.855082304,29.05078954,Active,Discord,06:11.8
36.87494041,139.1934333,8,29,0,21.40561222,0.479094469,11.84134013,Active,TaskManager,06:41.8
34.36179726,59.27289429,7,22,63.8836216,36.58057092,2.833585375,9.960729306,Active,Firefox,07:11.8
34.42518264,194.9946547,6,24,87.66955756,69.3648891,1.289337597,81.03696051,Active,Excel,07:41.8
24.81629841,264.8063124,6,32,66.42313314,25.35529077,1.466656866,62.55225629,Active,Spotify,08:11.8
11.54118443,241.4071389,8,26,10.01576064,20.98455253,3.506855671,29.09814371,Active,VS Code,08:41.8
26.13706837,133.9917847,9,23,91.68329401,53.56789603,8.36870765,29.92491319,Active,Word,09:11.8
14.84257433,261.8044603,11,26,72.8404569,31.36265111,6.808612294,46.09726574,Active,Word,09:41.8
39.626796,161.1500593,11,21,60.29035881,47.3204213,4.470200115,62.18780996,Active,FileExplorer,10:11.8
22.79413928,124.7185522,6,37,52.65073973,59.49262255,3.876323952,39.11984478,Active,Firefox,10:41.8
12.61754205,103.9948002,8,28,109.811062,0,2.787019059,29.27943451,Active,PowerPoint,11:11.8
20.17921238,127.3147735,10,28,63.33552631,29.24840817,18.00616988,67.70093124,Active,Notepad,11:41.8
31.19397181,120.8867386,6,22,42.74241024,25.40392593,4.107091356,44.48323711,Active,FileExplorer,12:11.8
16.54413171,162.7812167,7,20,25.65864497,10.75338465,1.464923187,41.16748169,Active,Chrome,12:41.8
12.66669407,162.0430486,6,20,72.72587418,0,1.307413414,56.84249249,Active,Steam,13:11.8
28.65530817,150.2284515,8,40,79.58700186,0,4.725419408,5,Active,Word,13:41.8
28.67449857,182.7703627,8,26,51.69546663,32.08737564,3.699386377,54.48269602,Active,FileExplorer,14:11.8
17.39585237,239.2984706,13,20,33.2666456,19.31927941,0.03863792,53.21832267,Active,Steam,14:41.8
17.93442542,221.2165602,5,37,89.90169795,13.96332826,8.861707291,17.42166903,Active,WhatsApp,15:11.8
28.48074906,38.63265237,9,17,23.37753747,31.88854759,6.089046345,6.17253742,Active,TaskManager,15:41.8
3.278734878,10,8,25,109.0833614,16.15705899,5.421022254,33.71276893,Active,Telegram,16:11.8
3.888043384,220.0739933,11,19,27.96398545,55.80361278,0.356302154,48.65946721,Active,WhatsApp,16:41.8
14.22333668,47.48409762,7,22,11.65105958,17.58231522,2.247522695,50.69742035,Active,Notepad,17:11.8
21.79829272,133.1425949,8,27,15.48899908,60.1064304,13.69633152,79.0809296,Active,Calculator,17:41.8
29.66361348,62.24152305,4,30,16.70837515,29.39968536,9.923903003,48.66838918,Active,Calculator,18:11.8
47.13034325,14.85146718,7,30,42.90211688,16.96200812,1.681161892,17.0234668,Active,MediaPlayer,18:41.8
37.86489435,190.6097046,8,20,35.95482453,15.50870485,0.85429087,39.98057112,Active,Slack,19:11.8
22.60092205,206.936637,12,31,80.73919474,60.2758851,2.980900572,19.0271321,Active,Excel,19:41.8
24.71475688,106.7617199,8,22,76.46224446,43.9166676,2.198966002,41.41792893,Active,MediaPlayer,20:11.8
9.96205953,10,7,20,43.29466823,14.81163634,5.732080131,73.17821515,Active,Calculator,20:41.8
24.72230296,109.0316664,9,29,143.1015322,32.38153136,16.97132882,54.18485613,Active,Spotify,21:11.8
20.67012042,179.3853004,9,24,42.897168,0,2.254939498,30.58430406,Active,Chrome,21:41.8
29.84077841,39.08163234,10,22,46.89450935,3.367913628,0.321221743,56.8468154,Active,Telegram,22:11.8
12.59153585,163.751994,4,19,11.67746156,14.99422662,11.39502688,29.44435673,Active,Discord,22:41.8
32.79019771,148.8517613,5,23,47.58379026,14.50365473,0.193442871,5,Active,VS Code,23:11.8
47.9910837,193.4468625,10,31,58.92202074,54.2602944,15.26319565,20.3303218,Active,TaskManager,23:41.8
23.36859777,158.9685276,13,23,14.47337318,0,5.461850479,54.16880804,Active,MediaPlayer,24:11.8
31.02567583,77.01982943,13,22,35.03925726,1.443869418,14.20984049,60.44672081,Active,Steam,24:41.8
35.35215988,239.7428626,7,29,59.8103219,39.04788967,1.11359125,79.35295373,Active,FileExplorer,25:11.8
18.98169292,138.110282,8,28,34.25493563,34.60544627,0.207756069,51.82359258,Active,Telegram,25:41.8
28.36138723,147.9521595,6,33,27.97522483,23.00458329,3.349204259,71.94318587,Active,WhatsApp,26:11.8
25.18888601,80.00490307,10,26,73.46399043,71.04977858,2.994855623,57.60186316,Active,Spotify,26:41.8
26.46514148,116.7538312,8,25,11.53658567,42.34814184,2.013536621,63.74805421,Active,PowerPoint,27:11.8
13.40485324,83.63979645,5,20,17.36232864,54.45649411,15.80969874,67.03440973,Active,WhatsApp,27:41.8
25.36765261,137.0290455,10,24,55.32138022,28.98399763,8.646282559,54.74034313,Active,Notepad,28:11.8
32.46997437,278.378136,13,21,75.38477788,19.12835713,5.417367622,66.49697443,Active,FileExplorer,28:41.8
46.76715412,47.10741428,3,35,59.16571899,19.35741245,0.888809589,31.02893901,Active,WhatsApp,29:11.8
39.38906239,28.98289516,10,23,43.28338234,48.55329823,6.627377651,5,Active,MediaPlayer,29:41.8
57.29773686,260.3377746,1,19,40.83834142,45.45496675,6.491645532,58.01479408,Active,WhatsApp,30:11.8
13.48978656,134.3007242,5,21,80.31325648,25.62783735,2.76751904,52.49557062,Active,FileExplorer,30:41.8
38.08480955,99.8195446,10,25,75.77004299,39.43168109,12.93708347,27.49455803,Active,Discord,31:11.8
27.75013009,227.9928516,13,16,51.49547756,49.25236108,0.913475426,19.75095197,Active,Calculator,31:41.8
57.847044,104.5788345,11,32,41.67143903,18.7214104,1.555351024,47.613498,Active,Firefox,32:11.8
12.87552572,286.9507285,6,41,51.05816578,23.13209051,0.326557242,59.33843905,Active,Telegram,32:41.8
12.40417237,200.8444404,9,17,28.18407654,38.93281003,7.934737595,55.39820145,Active,Calculator,33:11.8
16.00911032,113.4066444,11,26,45.49473046,0,4.861123706,24.60709329,Active,Excel,33:41.8
0,311.798116,8,24,35.31389984,39.31184351,1.891246498,29.09232641,Active,WhatsApp,34:11.8
17.11367467,104.5713808,6,24,46.97465545,7.499018809,0.894519001,58.3897071,Active,Word,34:41.8
13.61301008,205.6571529,4,31,36.38947191,48.83306782,0.204879667,46.4537225,Active,Spotify,35:11.8
27.2559068,172.4469435,10,26,65.71855622,72.95569654,0.912081218,66.20307829,Active,Word,35:41.8
30.12633964,247.6305967,13,26,74.552162,16.0566337,3.019134946,38.53456121,Active,Telegram,36:11.8
53.14256259,267.1133398,6,37,38.60852539,3.007125303,1.419625487,59.79049602,Active,Discord,36:41.8
39.25635757,152.4003112,6,22,25.64360993,26.40182738,1.49865301,44.20700348,Active,PowerPoint,37:11.8
16.34644517,93.49365972,8,21,71.34865203,24.69480434,10.42031569,30.54397526,Active,Firefox,37:41.8
11.52377993,184.4979107,8,21,55.54276438,43.21447649,3.619451456,63.56325667,Active,MediaPlayer,38:11.8
32.37878757,99.17134727,10,22,38.99791764,34.68122622,6.532833404,25.14878169,Active,Steam,38:41.8
5.196501895,301.0040436,7,29,91.2665574,24.07339435,0.18182092,46.48303792,Active,Excel,39:11.8
52.47188149,160.2401498,8,30,33.04897219,31.81227203,2.271937831,48.54972831,Active,Spotify,39:41.8
42.69160181,122.6008837,8,19,0,7.556951698,3.261651665,42.59422577,Active,Calculator,40:11.8
17.96236522,163.8510229,13,24,28.76121888,46.58430087,1.031535756,64.81599,Active,Calculator,40:41.8
0,48.96552829,8,22,98.55135431,62.35922286,0.64025528,56.45230784,Active,MediaPlayer,41:11.8
45.30808561,77.12894711,6,29,40.46888807,6.048057244,10.2128016,54.06856978,Active,TaskManager,41:41.8
23.28190232,240.0310431,9,21,34.53682126,0,14.01991211,46.36926129,Active,MediaPlayer,42:11.8
43.56724468,100.7329291,6,19,50.79809364,21.95823147,0.41042691,82.12655427,Active,MediaPlayer,42:41.8
1.083585118,71.4816763,7,27,80.33189264,5.570590458,2.146371907,74.29334518,Active,Slack,43:11.8
16.00937466,190.2489564,6,28,47.51300028,4.475646338,15.8845478,63.38858232,Active,Photoshop,43:41.8
25.0786555,238.9278116,12,22,67.74042746,1.959630087,0.434120971,60.10205462,Active,Chrome,44:11.8
25.70470891,203.9214983,4,23,44.32201307,26.12795208,5.159088378,32.95483645,Active,Spotify,44:41.8
18.24901793,224.7035764,7,23,67.97633513,21.77155061,17.91744147,44.01841592,Active,Word,45:11.8
34.34274899,93.24036836,6,17,55.40788382,37.46513848,19.13465807,57.71641806,Active,Discord,45:41.8
8.985693559,43.36419999,10,31,38.06024675,18.7397161,3.185945559,66.03162091,Active,Calculator,46:11.8
22.86430772,262.6000239,3,20,57.7427593,5.667138089,0.888157508,62.84095607,Active,Steam,46:41.8
26.80443448,125.7990121,7,15,33.72470277,29.6623404,1.128761725,56.61924589,Active,PowerPoint,47:11.8
32.71658251,131.1875238,6,20,8.654349445,8.828879153,11.01828891,85.01251864,Active,VS Code,47:41.8
35.67422317,249.6145606,7,18,49.40336618,40.24342239,12.13411357,42.28823714,Active,PowerPoint,48:11.8
8.130368622,191.7172507,5,26,11.31876926,0,4.680932277,65.26379609,Active,MediaPlayer,48:41.8
1.988287439,184.1915829,10,27,67.92288607,0,7.265941459,62.82880093,Active,Slack,49:11.8
44.16515233,312.3751759,8,37,48.87527685,0,6.734046327,53.88131956,Active,Discord,49:41.8
29.98471018,101.7361327,6,31,92.69875845,21.6336116,5.420908531,54.61000466,Active,Photoshop,50:11.8
13.77270195,219.5880096,7,25,40.09288667,24.25740288,8.780329312,54.2068961,Active,WhatsApp,50:41.8
48.26727963,154.2759844,6,24,49.39918409,32.73883567,5.782371704,30.83527362,Active,Slack,51:11.8
26.73511951,170.1444209,14,26,5.911218466,18.70595292,3.817872964,53.01722023,Active,FileExplorer,51:41.8
42.68945776,264.635132,9,31,16.87720066,13.06984084,1.352200287,59.96561294,Active,Telegram,52:11.8
26.01277722,188.0876817,7,23,0,58.66549141,6.810704964,51.43872888,Active,Excel,52:41.8
55.91121887,190.3722059,8,26,82.32481433,53.37770837,3.206929723,8.158344848,Active,FileExplorer,53:11.8
51.33011264,230.4380503,8,20,36.21337055,49.72404862,1.746310181,13.27662266,Active,MediaPlayer,53:41.8
21.26553777,122.6285453,12,27,89.81239254,36.17792587,8.096084752,28.63536033,Active,TaskManager,54:11.8
39.57356426,87.05927495,10,22,0,37.77012648,5.965388533,42.76145499,Active,WhatsApp,54:41.8
34.68063924,71.63931045,11,26,96.44223196,13.89604229,13.85012511,29.7090619,Active,Chrome,55:11.8
45.52947336,10,9,28,47.95931328,32.88716576,0.904263021,57.91824031,Active,Word,55:41.8
10.52614809,304.2155347,5,17,60.19542167,11.2026556,5.237542367,68.83997831,Active,Calculator,56:11.8
35.2907719,67.25937257,6,24,18.11171809,8.934533988,1.400153549,71.67339482,Active,MediaPlayer,56:41.8
40.8763673,133.4059782,8,20,65.81869757,0,11.69536296,51.73622545,Active,Chrome,57:11.8
0,129.2390025,6,17,38.78257562,38.12143164,0.52402232,66.68322034,Active,Steam,57:41.8
7.25112231,173.0555023,10,28,14.18137334,33.27343524,5.337920499,33.74896453,Active,Notepad,58:11.8
0,211.1802909,10,31,13.77000941,23.94230244,7.82915631,41.96692656,Active,Discord,58:41.8
20.95889748,214.5355116,7,18,13.2394869,21.32386826,2.191887955,21.66023636,Active,Spotify,59:11.8
35.76313384,106.2691921,8,27,61.40718787,0,15.41060061,69.13798698,Active,Notepad,59:41.8
47.53535578,137.4658715,12,25,30.93105152,35.12799118,9.510015593,84.31891704,Active,FileExplorer,00:11.8
26.11142171,171.1934963,8,27,0.797187329,23.68919874,1.745081019,38.02804567,Active,Notepad,00:41.8
49.42923318,131.3481655,8,26,61.07898542,47.91994421,0.037848353,5,Active,TaskManager,01:11.8
4.298478127,270.5509182,12,21,0,32.92422712,1.759554238,25.8919627,Active,Discord,01:41.8
0,186.8231214,5,33,89.87216291,44.1156777,1.651629116,31.99655456,Active,MediaPlayer,02:11.8
24.16678452,205.115834,6,29,109.5923173,29.85519203,11.03476607,18.47594421,Active,FileExplorer,02:41.8
30.76098173,199.7160952,9,15,10.62728973,33.63355744,17.07463272,24.39384699,Active,Notepad,03:11.8
24.50957878,238.0105393,8,30,81.57351895,48.62252555,0.36521954,49.09236451,Active,Discord,03:41.8
0,163.5766169,13,18,60.47294007,26.15221471,3.186621672,58.19444939,Active,Telegram,04:11.8
23.66319941,52.7376039,5,23,34.9988397,39.43709776,3.974039395,5,Active,MediaPlayer,04:41.8
5.432957492,179.9765964,8,26,36.39882738,21.1295117,0.487577185,34.35676973,Active,PowerPoint,05:11.8
35.04508823,101.148233,4,33,69.63434939,27.37786181,2.370039853,45.75352409,Active,Photoshop,05:41.8
30.49897369,110.3537489,3,30,48.80147607,61.87047997,1.906905482,23.66464891,Active,Discord,06:11.8
10.90180321,193.9773014,13,21,0,42.81013364,3.839960937,49.72368311,Active,TaskManager,06:41.8
17.29199624,242.8712304,6,27,112.1904321,19.17082183,5.411592281,42.64340565,Active,Chrome,07:11.8
9.111797172,151.5953683,7,24,62.99522558,38.4583832,6.078289221,36.02818757,Active,Discord,07:41.8
24.05981354,173.1624759,10,24,48.43967658,4.400374527,0.735283811,27.71016776,Active,Word,08:11.8
39.32713481,277.6661208,7,26,28.44730281,25.57615571,8.381835162,50.4681558,Active,PowerPoint,08:41.8
10.2141093,168.0564885,8,25,44.33118489,10.93151398,5.674442371,29.73024751,Active,Spotify,09:11.8
32.56069773,345.1262336,8,23,88.07561777,39.03812395,10.99450116,10.33972423,Active,Spotify,09:41.8
17.04613572,192.4132234,7,24,57.84855304,26.22136857,2.983152821,45.44198647,Active,Photoshop,10:11.8
13.10690752,17.94279306,8,32,61.26123873,35.66956951,11.21638375,20.21953479,Active,TaskManager,10:41.8
23.3945446,206.5006216,8,32,12.52488141,45.48359037,10.04115622,12.07607399,Active,MediaPlayer,11:11.8
9.471365164,178.5868789,9,27,39.51109171,20.79571482,2.884910219,47.59044157,Active,Chrome,11:41.8
16.69526042,246.7314566,6,18,51.5315452,21.51031367,2.399407801,41.74181687,Active,Calculator,12:11.8
7.031831611,200.4886013,8,27,70.8969903,29.25925639,13.50130421,27.67326766,Active,Spotify,12:41.8
54.47087699,139.6158012,11,20,37.5255137,12.79007451,6.279221409,49.57880488,Active,Steam,13:11.8
25.52895328,58.17763228,12,21,77.83606296,29.77574024,13.17251284,53.47864623,Active,Calculator,13:41.8
14.50411738,134.3232557,7,33,15.66940375,30.83125585,7.972125329,49.79657076,Active,Word,14:11.8
28.20969866,86.21096593,9,29,52.08608969,34.5788043,4.699043614,49.0704951,Active,WhatsApp,14:41.8
23.31507925,106.4607413,6,25,47.07155363,38.39100884,0.615658442,12.89233946,Active,FileExplorer,15:11.8
21.68545601,194.1433803,9,20,4.534206158,0,1.722889704,70.86474105,Active,Slack,15:41.8
34.2125005,275.2428378,5,30,48.5687553,4.297570029,17.34348655,56.14941056,Active,Discord,16:11.8
36.36261565,179.6003647,13,29,32.52186438,6.656314923,1.924064935,25.98418163,Active,Spotify,16:41.8
17.04248279,60.30877035,12,28,92.41324182,31.85216002,0.489469357,44.76483883,Active,Telegram,17:11.8
16.36272639,183.3452001,8,24,37.69231892,24.31248282,6.147365212,48.56581882,Active,PowerPoint,17:41.8
20.87422454,239.7473615,8,20,60.52611604,0,6.621374824,44.21320088,Active,Word,18:11.8
0,104.2662822,5,33,13.06874052,68.94089617,1.680565548,80.86121984,Active,Discord,18:41.8
2.272134067,139.9487125,9,20,57.0970668,0,1.766773591,6.094966061,Active,Discord,19:11.8
45.50311401,151.1016146,3,24,37.54861074,30.6084736,3.163958721,15.47605119,Active,TaskManager,19:41.8
49.6745157,91.13262652,8,21,26.71170548,41.26746084,0.110149172,5,Active,Calculator,20:11.8
21.26445941,198.6210325,10,30,135.016767,15.60426051,7.787145866,46.59752109,Active,Firefox,20:41.8
33.64835445,140.9288889,8,26,39.39652914,42.79919381,1.906952119,55.88029877,Active,PowerPoint,21:11.8
29.66875232,181.4649333,13,27,43.64153212,9.836450412,9.612636916,52.23198068,Active,Firefox,21:41.8
71.18321213,83.43808666,3,23,77.05980358,33.42202804,8.113386377,39.21751406,Active,Notepad,22:11.8
41.79362367,117.1906275,9,29,26.94719955,0,5.414709069,53.13080588,Active,Slack,22:41.8
23.08123613,204.1786018,4,17,62.09816832,53.46458183,1.964286116,39.07100971,Active,Excel,23:11.8
10.66689339,122.0375136,12,17,65.30961237,30.01751172,3.631623196,59.81451366,Active,TaskManager,23:41.8
0.903305196,279.5222888,8,14,57.34101279,0,2.942397843,67.14588515,Active,PowerPoint,24:11.8
28.05195454,120.0272861,6,29,118.8901795,42.57508629,2.069113828,26.37623935,Active,Slack,24:41.8
13.65473882,166.8513544,8,29,25.87192851,62.64304488,9.423859003,39.24725078,Active,Calculator,25:11.8
3.666194356,219.9443124,8,21,96.12801805,11.47179071,3.303468438,42.48669229,Active,Steam,25:41.8
15.30140674,43.62257003,7,29,64.16421207,25.79576116,8.940523713,73.50866559,Active,Telegram,26:11.8
8.776779946,17.9393391,9,20,77.2834884,19.70352207,0.555878478,28.73115888,Active,Slack,26:41.8
50.30712453,35.57577641,9,34,60.23703115,14.59566171,0.760076075,66.95325623,Active,Word,27:11.8
38.22459635,244.6938078,6,19,106.3483206,12.48875799,18.93142627,15.67880659,Active,Steam,27:41.8
24.88041038,108.6106391,5,24,40.3976623,17.07083581,4.430850518,69.87091202,Active,Discord,28:11.8
47.19916208,341.8649464,7,29,64.91660715,18.15239079,3.564399721,62.03766819,Active,VS Code,28:41.8
26.16052461,107.6814301,8,30,89.16418822,22.87073172,3.70283009,41.88684923,Active,Telegram,29:11.8
12.08073698,163.8413477,8,27,33.23471909,21.41846698,1.212070036,63.33347424,Active,Firefox,29:41.8
47.84686116,265.6582464,7,19,80.01310032,45.22342026,6.341738019,34.98118926,Active,Spotify,30:11.8
33.08365066,300.4569666,8,21,49.44085233,43.43752633,0.442957435,26.543741,Active,VS Code,30:41.8
9.441307685,304.6127682,5,28,12.95349118,0,4.258648318,79.12924911,Active,Notepad,31:11.8
22.14491983,240.6274673,12,32,6.452312644,18.12819281,4.228797848,34.17637691,Active,Spotify,31:41.8
11.8657262,226.8046894,7,30,47.275405,55.01114493,12.27800682,58.54004795,Active,Spotify,32:11.8
4.258004036,194.4395212,10,22,79.72655365,35.88049919,3.734668535,67.17682838,Active,Notepad,32:41.8
38.89266321,208.3770807,5,19,0,36.6894141,0.737066197,61.12664038,Active,Excel,33:11.8
53.64124961,108.6610713,8,26,56.01350117,34.77956836,4.251967927,56.98543342,Active,Slack,33:41.8
4.021486393,88.63508374,6,18,76.77131405,24.76677828,0.478853473,58.6035216,Active,WhatsApp,34:11.8
33.44453855,149.7469157,6,29,11.66150344,29.17904419,1.139485629,66.14906279,Active,Word,34:41.8
15.24036146,137.2361533,11,15,30.98100123,21.92202178,0.158013657,51.3544347,Active,VS Code,35:11.8
17.69311924,116.0078963,10,17,67.17100825,47.11470504,3.600470882,44.20715844,Active,Word,35:41.8
16.11409114,202.2290586,9,33,75.45613842,22.10443486,0.441602706,17.62118887,Active,WhatsApp,36:11.8
12.04013845,221.6478906,9,34,98.12294667,27.7408707,3.168681214,51.36253725,Active,Notepad,36:41.8
25.72782442,156.6305165,9,30,32.40977596,44.70674907,13.51121314,65.56676754,Active,Excel,37:11.8
12.53574825,260.8147561,5,22,25.53269437,23.44415992,6.360569711,22.98555601,Active,PowerPoint,37:41.8
29.05685239,64.37331644,11,22,99.58056394,28.58559902,0.402860808,40.41886556,Active,Excel,38:11.8
24.24642836,135.4755406,7,19,27.35174401,22.83604017,1.26936586,53.50746214,Active,VS Code,38:41.8
21.4157793,96.23832595,6,24,65.21856523,28.21330153,5.599114558,75.24731595,Active,Slack,39:11.8
11.38654507,10.00975372,5,26,115.4934457,23.51355918,11.25479767,21.82861685,Active,Photoshop,39:41.8
16.34843004,143.7989486,10,29,72.58126081,19.28286547,0.167362978,60.86904978,Active,FileExplorer,40:11.8
36.33086839,140.8689369,8,26,73.49810651,15.84094139,8.368579184,37.84426183,Active,FileExplorer,40:41.8
32.51375781,263.5087307,10,20,88.34198314,26.55098476,4.125557641,31.52734847,Active,Photoshop,41:11.8
10.33667133,197.3108763,9,21,65.74602734,50.36476422,3.949296291,26.6398347,Active,MediaPlayer,41:41.8
26.48998458,73.18598818,10,29,73.64211205,42.47394135,15.82823747,31.88914928,Active,Telegram,42:11.8
36.27080685,289.0569425,9,23,39.72231158,0,6.884584587,54.98212884,Active,Discord,42:41.8
0,241.5775272,9,19,84.79887401,21.41701013,9.489563764,40.44457448,Active,Steam,43:11.8
33.15040289,193.6573278,11,31,62.40444848,17.23322862,2.184744585,59.28474935,Active,Steam,43:41.8
15.06064362,133.0136926,10,32,5.657927282,0,4.041264477,22.56302311,Active,Excel,44:11.8
33.55898003,78.04205725,7,22,57.28831737,35.50557058,4.777831039,58.93994206,Active,FileExplorer,44:41.8
13.55111265,122.0844918,9,27,0,28.07817562,1.93997261,53.6758681,Active,WhatsApp,45:11.8
0,231.6561465,9,27,71.41738897,70.45884153,4.222736358,14.84407111,Active,Spotify,45:41.8
0.586863432,291.3439729,2,26,42.99345369,23.31959332,1.350228423,75.12466471,Active,Slack,46:11.8
25.7212742,265.7432646,11,35,107.16658,14.4764887,0.773779062,51.79809859,Active,Firefox,46:41.8
28.89583753,113.3362934,9,23,64.68893794,12.54123411,2.341786999,60.30861458,Active,Chrome,47:11.8
11.43525062,66.0286925,5,27,77.72544773,20.96818694,6.721725883,68.12271497,Active,Spotify,47:41.8
34.57888688,160.5664685,2,23,18.5233025,41.80653249,12.39584459,64.36750333,Active,WhatsApp,48:11.8
0.077199066,17.36704758,6,24,70.53724175,44.09736164,3.059809182,42.47795167,Active,Firefox,48:41.8
24.00880302,174.2375786,6,34,30.78025932,88.52314677,5.147628744,59.50320267,Active,WhatsApp,49:11.8
6.834757004,138.929806,6,25,82.71553024,5.868369426,0.543704062,8.799137549,Active,FileExplorer,49:41.8
15.22245838,115.0472624,8,32,16.44943322,31.72469751,11.74124806,52.87532485,Active,Firefox,50:11.8
25.71098007,30.39726995,7,21,53.29422059,16.31436927,4.203646561,79.64970015,Active,TaskManager,50:41.8
12.09379952,188.520008,7,30,15.26352704,37.00999544,7.578332025,31.09245069,Active,Firefox,51:11.8
19.23166684,110.047437,6,23,53.7742986,57.66314338,7.910115795,63.30907042,Active,Spotify,51:41.8
40.09439214,62.25623732,8,37,110.6746072,47.24222758,1.481801608,80.45967704,Active,Excel,52:11.8
16.34662196,10,9,36,71.63804241,5.847909849,3.766338212,58.78413739,Active,Word,52:41.8
37.53538168,147.9363821,8,25,49.02114494,43.69315082,16.1547106,65.5081345,Active,Notepad,53:11.8
8.05439718,282.9188698,7,24,0,0,0.469545805,13.61055094,Active,WhatsApp,53:41.8
32.94706267,274.5944411,12,15,33.92938646,0,5.745054623,26.30151837,Active,Slack,54:11.8
46.62352931,115.7177808,8,30,64.23960937,25.01898878,16.385714,73.59470532,Active,Calculator,54:41.8
0,104.8340955,6,22,34.67426973,42.21360448,1.78749862,64.20700305,Active,FileExplorer,55:11.8
13.04657117,185.1580692,9,26,92.81450744,36.96393706,9.882545026,54.92042127,Active,Discord,55:41.8
33.65608191,75.12109206,7,26,52.14614487,68.11576469,13.56462623,39.70776796,Active,WhatsApp,56:11.8
21.95431921,172.6343925,8,14,82.35785348,32.18653966,6.873532985,50.69242095,Active,TaskManager,56:41.8
30.5671881,207.4560209,9,38,56.14702574,27.86282598,1.315456674,79.76293517,Active,Word,57:11.8
15.9402222,242.0199918,7,25,41.72053571,53.10385681,2.032333439,42.96195256,Active,Photoshop,57:41.8
26.29884681,142.4884443,7,26,35.86020489,22.51734637,0.182330883,58.98502178,Active,Calculator,58:11.8
22.66484147,134.7244687,6,20,19.63537885,37.77496607,8.902710131,58.45959921,Active,WhatsApp,58:41.8
42.51673092,84.15130599,7,18,82.8983955,38.97952289,9.472656243,31.68298155,Active,Notepad,59:11.8
28.81631265,87.98397345,10,19,37.15964204,10.56463885,5.008021981,33.22630713,Active,WhatsApp,59:41.8
30.06403993,133.0140831,10,24,65.66890525,37.74933586,2.173397499,75.54026522,Active,Telegram,00:11.8
18.82184551,177.552413,7,23,34.2276505,73.70053857,0.399606642,56.40259891,Active,Photoshop,00:41.8
17.68590664,218.518847,10,21,17.50913286,52.73299413,6.99300104,31.39314762,Active,Word,01:11.8
18.51162718,89.7615787,6,26,66.65422432,13.21420927,6.482747168,38.77441432,Active,Chrome,01:41.8
30.91678214,261.9516427,8,19,27.59888311,76.77301881,12.18644425,25.28824359,Active,Steam,02:11.8
18.68523279,129.6657299,7,32,37.98538265,43.78539338,6.55652856,66.33003318,Active,Excel,02:41.8
29.34662285,148.3974529,7,25,12.53934544,38.48499106,8.821546742,39.96466346,Active,Notepad,03:11.8
56.13101198,93.95912406,8,24,35.20630245,28.05556883,6.851211791,40.23108666,Active,Notepad,03:41.8
38.06687055,10,9,25,50.72321505,43.65411295,4.98055633,61.81837273,Active,Photoshop,04:11.8
20.10964702,216.3034047,9,20,41.3752706,32.23569263,2.784054576,11.41146761,Active,Telegram,04:41.8
43.01820883,205.2632923,10,27,74.54679849,30.39288912,11.61992772,44.26194319,Active,Chrome,05:11.8
18.8788694,128.9004332,7,20,54.36562229,27.33782273,5.262966545,44.78197606,Active,Photoshop,05:41.8
0,155.0243038,4,38,142.6194143,49.47533872,2.540441219,39.28782965,Active,VS Code,06:11.8
9.878705336,188.6954413,6,23,62.72751763,47.25879422,0.43579855,34.00924403,Active,Photoshop,06:41.8
0,32.80906073,7,29,0,27.01211573,1.717417784,30.79881887,Active,Notepad,07:11.8
19.72729774,110.3210492,6,20,43.61352752,0,3.923316916,50.64900979,Active,Word,07:41.8
25.27627569,209.569851,10,27,46.21255557,30.72132121,1.612301904,24.79827082,Active,Spotify,08:11.8
50.14655968,55.92829326,7,32,31.59106285,15.64247281,1.250231971,48.22369845,Active,TaskManager,08:41.8
29.90391061,172.0168449,15,24,52.17832503,20.5284136,3.747460952,33.94190123,Active,Spotify,09:11.8
21.71349207,48.25636465,5,27,30.69808813,27.50295163,0.930565754,35.2718896,Active,Slack,09:41.8
37.44108372,184.9822487,5,20,59.98459397,8.793680199,8.057451669,48.93982312,Active,FileExplorer,10:11.8
0,147.3268888,6,30,0,0,3.311811199,35.04818511,Active,VS Code,10:41.8
28.53421837,28.86511381,8,25,84.32475415,35.839464,4.264969289,70.34089325,Active,Discord,11:11.8
36.56297791,237.3554516,13,17,2.651288715,30.53659062,0.797225748,42.19867947,Active,Notepad,11:41.8
2.821206313,94.90563174,8,30,42.09333344,29.77181842,1.96207567,65.93296722,Active,Calculator,12:11.8
42.15631065,89.23106722,6,25,28.01879633,40.21533177,2.638923796,29.76144312,Active,FileExplorer,12:41.8
30.07744611,165.0426898,13,18,59.17760213,16.80924255,8.25684507,29.31797253,Active,Excel,13:11.8
18.77068129,236.1478012,5,21,44.50276668,36.64946862,7.351848947,11.7388897,Active,Slack,13:41.8
34.49172799,73.81336358,7,26,57.54951997,56.74844083,1.261429695,35.1568485,Active,TaskManager,14:11.8
59.06039287,154.6259887,6,30,83.33577234,24.90588118,4.787895968,40.34788194,Active,FileExplorer,14:41.8
27.72799383,182.1612375,6,32,73.05846313,67.98767522,1.394975289,46.54056042,Active,Firefox,15:11.8
28.72330879,201.9829205,7,18,51.08922025,30.99988854,22.21829999,58.94701489,Active,Discord,15:41.8
18.10958651,163.2331166,8,25,63.785233,12.95241516,15.19569199,57.49590779,Active,Spotify,16:11.8
12.25233446,122.4729121,6,27,108.8002256,46.9936805,4.142140176,67.71282535,Active,Excel,16:41.8
37.45503725,87.93073345,9,25,74.12714884,27.74878942,6.001606926,27.25397266,Active,Word,17:11.8
12.15874261,156.4607912,7,20,41.19386197,51.05100989,8.083077605,45.61648409,Active,TaskManager,17:41.8
26.07349356,69.5895741,6,35,88.33593012,38.26692577,6.382689171,24.99664897,Active,PowerPoint,18:11.8
17.8351383,10,6,23,61.73930962,23.44342062,6.017009688,53.28468839,Active,Chrome,18:41.8
32.18469739,182.7419853,6,25,21.11675446,60.42029883,15.91682048,81.08510274,Active,Notepad,19:11.8
30.00493158,217.7951131,5,30,44.57833129,20.01257591,4.537350074,21.0714359,Active,WhatsApp,19:41.8
40.56309916,10,7,30,5.832279096,0,5.057166366,58.75095429,Active,Notepad,20:11.8
17.34975402,74.27019715,4,22,0,47.61159342,9.461284161,65.97281418,Active,Notepad,20:41.8
20.95187597,196.4365696,12,28,21.52879126,36.99863989,5.541659879,27.14544058,Active,Photoshop,21:11.8
10.31854426,304.3121602,6,15,53.67743206,55.67438375,6.601271502,53.7265639,Active,FileExplorer,21:41.8
18.3356011,151.5595281,10,22,53.76526623,12.36652283,1.333966752,37.80133657,Active,Firefox,22:11.8
30.6595074,95.39977941,4,28,7.652729446,25.05696685,2.320242375,42.57668214,Active,Notepad,22:41.8
36.35482925,136.2827669,8,29,0,22.79916452,0.796745357,37.13896208,Active,Notepad,23:11.8
11.16752014,253.1157314,2,22,94.12287423,48.6752415,3.523725307,40.50249244,Active,Word,23:41.8
38.0440888,101.5526866,6,17,52.85879357,43.0170036,3.04152528,68.11059553,Active,Telegram,24:11.8
45.33456788,90.0605995,9,31,96.67135934,34.29600751,29.32471331,43.41717722,Active,TaskManager,24:41.8
31.20152355,113.7942358,6,22,94.95773291,34.42489408,4.723562309,32.96661646,Active,Discord,25:11.8
53.15193719,78.50035438,10,32,72.04129003,6.980576757,7.719300202,46.37995122,Active,Steam,25:41.8
13.39316201,159.2002737,6,20,51.77430745,45.37364274,2.032438184,5,Active,Chrome,26:11.8
6.33017945,271.8508844,8,21,38.07047557,45.78242047,8.905442971,28.66207824,Active,Calculator,26:41.8
0,174.2309455,3,29,71.5578957,75.82214349,4.773663306,69.97182272,Active,Slack,27:11.8
47.44066467,131.0734873,5,21,45.20426402,39.41569949,5.969985828,42.09309371,Active,PowerPoint,27:41.8
34.81548485,128.1141548,11,34,32.31142212,42.64917372,1.743751974,35.43931975,Active,Chrome,28:11.8
24.16622994,32.76068935,9,28,0,39.55202255,3.977432342,48.45939616,Active,Word,28:41.8
29.19952939,216.2332333,7,28,47.50684075,16.06590465,5.026114855,59.73239866,Active,Firefox,29:11.8
8.117664291,144.1622102,8,25,82.90012662,54.9880286,4.446962229,71.5748286,Active,Word,29:41.8
61.68627969,136.4640065,4,34,87.7794974,28.88507644,12.33692791,35.97947763,Active,Word,30:11.8
26.93831773,389.4830676,12,25,51.59836132,26.14082295,11.42729613,36.43961489,Active,Photoshop,30:41.8
26.64092192,172.4064681,11,18,23.33868948,27.30372949,17.69954936,40.53655518,Active,Spotify,31:11.8
35.88649936,93.61567124,6,35,77.08231567,28.68112783,5.504494595,65.58321655,Active,Word,31:41.8
32.21513848,118.0231803,9,31,49.53903657,20.27181823,17.8624434,46.14083369,Active,MediaPlayer,32:11.8
28.35826036,236.1334282,14,23,39.02973996,34.30477226,8.933202966,88.31759483,Active,Telegram,32:41.8
13.14288317,158.4952808,8,39,6.322552416,28.0678303,1.579256567,41.77983668,Active,Discord,33:11.8
32.07202536,42.12915163,8,20,113.1128443,26.36581216,2.788150911,80.26971215,Active,Photoshop,33:41.8
53.23036745,218.9421701,6,27,72.15195347,39.7964991,1.36161936,27.13938996,Active,Calculator,34:11.8
45.18130069,99.88919358,8,27,75.38745526,31.51577376,0.021029968,17.20305868,Active,PowerPoint,34:41.8
48.8977994,290.4973332,6,26,24.11572209,18.91728108,1.041574907,42.97142214,Active,Calculator,35:11.8
17.33176485,231.0036049,11,28,52.39249002,14.72918826,0.020344264,67.78773861,Active,TaskManager,35:41.8
10.1559277,116.4508578,5,20,47.55518402,31.96803334,6.361944592,35.46041221,Active,Calculator,36:11.8
23.1131962,246.0762271,12,21,73.46283833,15.06736322,2.771574418,32.66926146,Active,Slack,36:41.8
25.83587368,155.0891633,9,23,90.79155368,13.62776496,1.874010746,65.50029392,Active,Steam,37:11.8
41.41287278,213.9580256,11,17,6.973532079,13.91046524,7.17156283,59.10199474,Active,Excel,37:41.8
0,186.3549613,6,28,17.75967206,35.09969465,8.933464867,29.15169697,Active,Steam,38:11.8
47.94325479,86.52325088,9,24,69.37213551,53.87084942,18.50466679,27.982274,Active,Discord,38:41.8
22.62988152,101.7337626,9,30,34.75911922,36.95521296,5.136301197,61.58584223,Active,Excel,39:11.8
18.59678395,227.2470613,9,31,74.44622354,47.73643425,3.095107801,12.36258834,Active,Steam,39:41.8
9.818434371,124.8918501,9,27,38.80821967,28.60596162,1.821118979,66.59047032,Active,Calculator,40:11.8
0.177149922,119.7263653,7,25,12.53676108,32.84450401,1.257189239,58.83657583,Active,VS Code,40:41.8
37.34755876,78.36580655,5,26,0,63.05991338,1.197164721,5,Active,Word,41:11.8
26.09976951,181.7699299,2,26,64.5238376,46.57409975,2.63129872,45.3113655,Active,Firefox,41:41.8
5.650586504,304.6893689,9,21,65.25951631,48.74053463,24.00979259,5.422636797,Active,Word,42:11.8
5.573818419,69.93503143,6,22,79.10647227,24.71590739,0.00427031,20.89821667,Active,TaskManager,42:41.8
19.96322951,151.8164593,7,26,59.83620819,29.89464447,1.09828504,34.94057978,Active,Telegram,43:11.8
50.03532288,255.9165417,4,26,0,38.11328914,1.043695122,19.64422871,Active,Photoshop,43:41.8
21.10612973,144.0268957,9,28,65.10302324,17.87196476,6.313653404,89.36321811,Active,Telegram,44:11.8
2.452855703,183.9278847,8,31,6.276276065,0,2.173064495,62.28116107,Active,Notepad,44:41.8
21.31385404,70.32048539,10,27,0,37.92933943,3.055631888,72.34878086,Active,Telegram,45:11.8
20.90914645,182.1230323,9,27,0,49.22732976,0.80450784,42.19426983,Active,TaskManager,45:41.8
0,135.9641801,9,35,0,31.10403508,2.595944484,45.60934814,Active,PowerPoint,46:11.8
24.185577,223.9297497,2,19,58.36934306,18.08185118,0.544610987,76.61454085,Active,Photoshop,46:41.8
21.53598205,239.0539539,6,28,28.06447277,23.38607709,3.807593596,53.67464788,Active,Photoshop,47:11.8
35.44309547,344.2172732,7,23,4.426841263,0,0.515362151,57.24483603,Active,PowerPoint,47:41.8
52.73434142,193.472488,7,23,50.69247667,23.33548025,7.81535773,26.7764083,Active,FileExplorer,48:11.8
41.89847544,174.4347237,9,18,16.82200326,7.698303858,4.180490764,26.68376392,Active,Word,48:41.8
20.96666964,164.5788226,6,14,79.43212772,16.00716756,6.436190103,50.22079965,Active,TaskManager,49:11.8
8.402111369,123.512528,6,24,93.50658122,6.686334527,2.710862437,52.45938674,Active,Word,49:41.8
63.60039705,175.3862883,10,22,43.47193293,4.380451311,2.40222005,25.05817751,Active,Excel,50:11.8
25.88827651,127.8448942,10,29,91.3182316,9.917751505,0.51686185,52.16913932,Active,Slack,50:41.8
25.20893938,162.6345732,12,27,91.26772282,42.65637272,3.710170621,20.56660796,Active,TaskManager,51:11.8
24.63812369,248.8198152,8,19,52.53823231,19.80420542,3.612902251,45.27660399,Active,PowerPoint,51:41.8
27.97127141,74.5093076,5,25,102.003604,7.841495476,3.156518105,16.25025409,Active,Chrome,52:11.8
22.83459382,235.4908921,8,24,31.35013985,45.08028143,6.745346742,71.55981176,Active,FileExplorer,52:41.8
16.3950699,248.7836301,8,25,0,32.57944216,8.933990985,38.77555763,Active,TaskManager,53:11.8
16.79711588,141.1448605,8,20,3.368657626,0,6.947290301,31.12862981,Active,VS Code,53:41.8
24.50870095,10,14,13,29.96946036,49.91248685,0.776640363,22.08523434,Active,Telegram,54:11.8
16.84862843,104.413351,2,26,66.02906149,31.44146784,4.865092639,20.1602928,Active,PowerPoint,54:41.8
14.30731326,247.274591,7,26,15.35531397,45.40747858,0.418664362,53.72820477,Active,FileExplorer,55:11.8
26.59645342,148.2848953,7,20,29.7259744,25.49555323,5.931029334,65.07603779,Active,Word,55:41.8
21.17534174,75.05233258,5,20,12.51570534,62.0938126,2.405032469,63.07465569,Active,Notepad,56:11.8
47.55989483,112.1418809,7,24,30.41294044,22.36222713,0.71069282,72.93183125,Active,Firefox,56:41.8
0,213.046502,8,22,90.28128317,0,9.904350953,79.96360916,Active,Firefox,57:11.8
41.37260278,191.0050176,8,17,60.72727672,12.21259468,4.759697567,64.15853731,Active,Steam,57:41.8
43.69127789,132.0800926,12,27,32.690322,40.04278259,2.190393234,34.94214282,Active,Slack,58:11.8
0,122.4881691,4,29,86.6141337,33.18173052,0.156045792,48.38962095,Active,Spotify,58:41.8
19.85968609,120.6181388,6,13,50.76995714,27.5497152,3.853492777,5,Active,Notepad,59:11.8
19.42838701,80.81923616,8,23,54.00966503,10.27227857,12.83443828,57.75160276,Active,Telegram,59:41.8
3.887324579,271.1531767,9,15,84.283258,30.36838372,4.536405116,47.98531021,Active,TaskManager,00:11.8
13.33274969,125.8259648,6,19,39.7213661,29.71248774,17.81574788,76.90456092,Active,Chrome,00:41.8
8.341362318,241.2868891,11,26,77.48721389,29.50701861,0.733523871,30.13281477,Active,MediaPlayer,01:11.8
51.28405665,264.0987039,6,17,75.34785925,40.75340236,4.200181004,55.31031268,Active,Notepad,01:41.8
39.0351759,224.8733174,9,14,45.63365079,33.63537791,8.000534114,24.93311873,Active,Calculator,02:11.8
44.07332642,117.6284765,12,20,8.114200519,24.95408648,3.727897524,42.79933151,Active,Photoshop,02:41.8
35.82508096,180.2797568,7,28,50.38075292,9.948703,0.477415932,12.29468228,Active,WhatsApp,03:11.8
8.064223432,148.1853295,14,24,84.1175974,57.19990541,4.371978585,72.12092693,Active,Slack,03:41.8
17.13219601,82.22236045,6,31,74.59304208,69.63202805,4.730373335,66.05298777,Active,Firefox,04:11.8
32.34061842,174.3269461,9,29,101.3075117,64.88419645,6.522820747,35.54631223,Active,Word,04:41.8
6.668082867,61.57201566,8,24,35.2879938,43.98161773,7.160885598,50.23670641,Active,Photoshop,05:11.8
35.69497645,239.0759541,10,24,73.37901418,0,7.365205699,45.76971057,Active,MediaPlayer,05:41.8
21.39511903,115.1537027,9,13,19.81136738,0,5.444959472,32.75212431,Active,Spotify,06:11.8
19.37768789,165.0869742,5,20,56.04751882,19.03154222,1.21552727,47.46387323,Active,Firefox,06:41.8
35.66439952,171.2465904,7,31,83.16237216,28.90496888,2.589551268,36.14456887,Active,Chrome,07:11.8
31.66394967,130.582127,10,23,77.19273762,28.08345838,7.483448152,64.6067734,Active,WhatsApp,07:41.8
19.58550751,194.0020351,6,26,53.09219126,33.87503665,15.33366974,40.78383351,Active,Telegram,08:11.8
42.38994705,114.3822258,7,25,41.95843512,2.15106947,0.4111883,92.81070954,Active,Calculator,08:41.8
8.784050086,215.3472973,8,20,20.15507026,62.14838694,3.834363429,43.44304437,Active,Slack,09:11.8
34.2390341,49.05152398,6,25,43.22680182,60.10477379,1.873629223,47.2554149,Active,VS Code,09:41.8
33.89651887,159.4784685,5,30,10.69388475,3.772922162,1.277003148,55.56317043,Active,Spotify,10:11.8
20.35680341,295.4196749,7,33,39.70417855,0,3.524183017,61.74102008,Active,TaskManager,10:41.8
29.89199533,74.97515065,4,31,0,28.20509328,4.65815574,46.55948924,Active,Discord,11:11.8
6.233296354,99.16912721,12,31,10.43998316,55.24180992,0.049101465,55.12758997,Active,PowerPoint,11:41.8
38.86040529,188.5430887,12,19,75.58417702,29.3563887,7.575335691,48.65607928,Active,WhatsApp,12:11.8
22.22646795,163.4686336,9,34,72.24182275,35.19910613,8.57071908,29.42834709,Active,MediaPlayer,12:41.8
17.15915469,176.2972574,7,24,41.33456484,21.20576879,16.8355488,24.036994,Active,MediaPlayer,13:11.8
40.73513839,186.6890348,5,27,51.94306369,32.92558088,0.996181438,58.98495244,Active,Photoshop,13:41.8
14.43484464,197.6041101,5,23,55.96687017,48.88954264,4.513820187,75.3446205,Active,Slack,14:11.8
3.873080555,233.2274881,7,32,63.8098517,38.2421841,2.781079887,12.38093573,Active,TaskManager,14:41.8
1.650562397,180.7363993,6,21,60.59950122,41.51017456,2.03854701,16.30875243,Active,Telegram,15:11.8
34.09014927,131.9056759,7,28,9.896723652,0,4.169332597,16.11557359,Active,Excel,15:41.8
5.793559713,200.4430276,9,21,0,72.76564633,7.625095352,60.50289101,Active,Calculator,16:11.8
51.32191273,292.4911451,8,24,19.49334353,0,0.116613272,62.17205913,Active,Notepad,16:41.8
0,140.052469,6,34,45.37008872,33.12844041,17.43379474,25.47321361,Idle,Calculator,17:11.8
50.44684552,76.91030215,9,38,78.80551008,26.99104507,8.300540839,89.11572705,Active,Spotify,17:41.8
28.16526201,233.0310502,8,17,57.03079072,27.8618702,6.954599284,37.30066942,Active,MediaPlayer,18:11.8
23.54930332,140.9714127,5,28,66.03129689,47.39651363,7.143658761,73.7128944,Active,Chrome,18:41.8
16.8262137,10,9,28,23.09355136,15.84378398,2.463788429,61.17081517,Active,WhatsApp,19:11.8
30.98704172,213.5566258,6,19,47.87813301,21.34584744,6.963988326,25.83798373,Active,Photoshop,19:41.8
24.43547946,109.8503861,8,25,51.96454578,7.067896073,2.445077748,36.63934611,Active,Steam,20:11.8
41.54952823,143.2100038,6,24,27.32969484,52.44317701,11.44868145,27.55165695,Active,MediaPlayer,20:41.8
26.71341473,174.8985248,7,22,17.91320282,35.32170842,0.975346627,18.11361405,Active,TaskManager,21:11.8
27.25452642,164.287476,8,21,43.19966669,42.74436183,1.729010089,39.93557447,Active,Spotify,21:41.8
19.54581682,203.2088863,5,23,69.83709044,46.23967705,4.007422197,21.02799696,Active,FileExplorer,22:11.8
24.14581564,117.3385222,8,20,22.85145533,69.82825521,1.92251456,41.50105278,Active,Word,22:41.8
29.61702653,188.4829349,5,22,43.75421802,66.3389165,2.760297937,83.65913382,Active,Photoshop,23:11.8
0,130.5339992,9,28,90.64968903,36.46083248,3.390531218,58.93376316,Active,PowerPoint,23:41.8
4.777218668,205.4107861,11,37,34.41976067,33.15925396,9.701994031,33.85740223,Active,Word,24:11.8
36.14896141,196.1525613,8,31,50.21848961,19.3571626,3.703209584,32.22553359,Active,Steam,24:41.8
27.56298157,79.84209735,6,22,46.82875757,44.88315558,2.250690107,36.97759388,Active,PowerPoint,25:11.8
22.24024995,231.4486587,11,26,44.36625116,44.14225918,1.423340854,86.42265188,Active,TaskManager,25:41.8
25.276509,109.8027416,7,22,100.0543449,15.41217331,2.626955763,23.23291098,Active,WhatsApp,26:11.8
30.21372558,210.6043349,10,28,59.17259927,44.39565903,3.62562641,44.96461954,Active,Calculator,26:41.8
16.9036048,177.5465485,8,31,2.894537008,50.16708987,6.85436654,54.30725847,Active,WhatsApp,27:11.8
13.32542912,287.8637758,9,15,95.8525954,7.567067541,0.645129367,69.30977443,Active,Firefox,27:41.8
27.93767883,133.2400513,7,21,58.24440384,33.79827942,1.252632761,38.34658403,Active,WhatsApp,28:11.8
10.32440834,123.8012403,7,24,38.79276909,28.68542111,2.387389588,25.74648612,Active,Calculator,28:41.8
31.12379134,148.5435296,12,21,90.48327517,29.89226987,2.234549022,50.79001445,Active,Word,29:11.8
0,127.2615163,3,18,26.63930111,10.94693541,2.485830766,71.29327462,Active,Telegram,29:41.8
40.43733456,209.9956426,6,28,101.4710028,0,7.887789242,39.54233394,Active,Spotify,30:11.8
32.08896224,28.77670437,9,17,52.79907928,14.891674,1.958953179,28.21164379,Active,Chrome,30:41.8
28.84044601,70.97381856,8,20,80.16676541,12.09083373,3.484753829,47.20413758,Active,TaskManager,31:11.8
39.74036476,69.91478088,8,31,142.0250633,37.06446135,4.889594566,12.52825829,Active,VS Code,31:41.8
49.98211667,221.2730694,7,27,55.40274616,37.39026233,1.3209903,40.62682285,Active,TaskManager,32:11.8
40.21555098,278.2960029,9,25,47.095043,36.2518446,6.341585826,68.56051366,Active,PowerPoint,32:41.8
0,142.1663086,11,24,17.98911186,2.065386535,3.960544613,62.49693654,Active,VS Code,33:11.8
5.806345499,137.3383708,8,27,46.3828863,7.608832511,2.960008144,42.12271452,Active,Steam,33:41.8
15.62772133,155.2539122,7,17,18.91484674,17.6665463,8.297975755,78.18658786,Active,Firefox,34:11.8
25.39136575,237.1408727,8,25,44.39094712,30.46286025,1.395232395,83.19749736,Active,Spotify,34:41.8
32.76488531,80.44851494,15,26,136.8405239,23.29784909,10.73543249,58.28172458,Active,Calculator,35:11.8
14.1138428,167.8776737,14,22,53.58793864,36.21278199,4.116834433,15.64457319,Active,Discord,35:41.8
27.80150147,223.1398222,10,24,33.38937452,49.50940633,4.697475404,7.401765893,Active,Calculator,36:11.8
13.66925601,187.5820627,6,14,43.7084577,10.01412385,10.39956683,72.66980329,Active,Telegram,36:41.8
15.82723296,164.2186212,13,22,37.64385802,10.77459002,8.507291464,49.89455836,Active,Spotify,37:11.8
3.900083547,225.0784569,4,38,81.45205619,32.70719972,4.601017745,77.71108357,Active,Firefox,37:41.8
11.15150131,10,4,22,47.29326206,28.35938727,6.995635829,18.22634517,Active,Firefox,38:11.8
4.724730916,200.840649,7,31,98.2666428,44.86727123,2.839798045,41.77629524,Active,Discord,38:41.8
10.36190121,100.9443238,10,22,40.51702148,30.1515332,3.963486972,65.5838118,Active,Slack,39:11.8
40.80462695,12.70253274,13,23,42.45262169,64.8104246,0.320400527,30.40425025,Active,Photoshop,39:41.8
10.75901667,188.340195,6,13,23.09646843,0,0.470772788,65.29570119,Active,TaskManager,40:11.8
64.48573097,253.0243909,10,28,38.49854293,46.8043372,8.842912829,42.54440945,Active,WhatsApp,40:41.8
32.39976851,139.6913614,5,24,0,33.98652392,0.307630811,45.56121613,Active,MediaPlayer,41:11.8
27.77254186,221.465591,11,20,0,1.939978659,0.928029475,21.32734207,Active,VS Code,41:41.8
12.1246333,270.9208693,6,25,68.74020061,0,7.944076611,50.02772078,Active,Slack,42:11.8
35.50464819,248.618584,8,21,0,7.499618668,0.005733039,88.85579365,Active,Calculator,42:41.8
16.36543261,272.9973397,4,27,62.17896498,54.18175423,1.659245003,52.76043611,Active,FileExplorer,43:11.8
26.83014722,205.6595618,8,28,34.9850945,51.90463112,4.385814753,29.16551452,Active,Photoshop,43:41.8
63.40126807,155.6575229,9,22,78.18586916,27.4269503,4.524898857,72.9108316,Active,TaskManager,44:11.8
23.5591015,29.85256411,11,23,0,22.75454033,7.506347149,29.76856946,Active,Word,44:41.8
42.23909989,131.5453134,8,23,67.94752441,12.87806007,3.525352453,79.42206478,Active,Steam,45:11.8
14.45235362,86.75650535,8,27,59.94799863,26.25221361,3.560649789,19.50081743,Active,Spotify,45:41.8
24.47517264,312.8207038,9,25,60.87548676,20.51676629,6.460570926,50.45416815,Active,Steam,46:11.8
51.56200953,136.8085641,13,21,83.71696601,64.19884102,3.451999422,75.52624991,Active,VS Code,46:41.8
15.59549413,159.2403605,10,27,52.10861201,5.268887997,4.688734982,27.66361743,Active,Photoshop,47:11.8
52.18672837,191.3614032,9,26,0,37.84875408,11.40284949,46.66320167,Active,Telegram,47:41.8
35.61627903,153.2701835,8,29,63.47324272,65.14142683,2.566234494,68.14578485,Active,Chrome,48:11.8
16.56299836,277.128828,7,19,59.59017838,45.49165632,2.431681996,5,Active,Notepad,48:41.8
34.48611609,103.3012979,12,24,42.66124751,7.51446593,0.017776522,63.53767501,Active,Notepad,49:11.8
39.58831674,164.5955591,2,22,24.74681277,0,4.75216322,43.24147018,Active,Discord,49:41.8
34.32714943,94.31470607,6,20,39.17242031,35.4880241,0.151120441,73.83908307,Active,Steam,50:11.8
1.446629202,50.99831166,6,19,93.7417933,33.01046411,3.507393858,28.45005429,Active,Word,50:41.8
14.09294236,104.1173182,6,22,22.40276466,54.64818194,8.154170664,17.26448275,Active,Chrome,51:11.8
21.28722047,147.2222402,13,32,0,40.96895697,3.991661564,34.1392701,Active,Word,51:41.8
23.88349856,117.8023332,6,20,5.952119391,20.30320152,1.571062326,33.72167061,Active,Slack,52:11.8
34.31008146,98.06842651,6,25,48.94112248,18.94570543,7.71283295,40.87028047,Active,FileExplorer,52:41.8
27.66551501,44.52619022,9,27,100.1255159,3.87684599,1.571615772,35.62840581,Active,PowerPoint,53:11.8
4.969834619,143.7670821,8,24,116.1455217,32.58728677,6.603128287,5,Active,Firefox,53:41.8
30.70296777,37.14597195,14,23,69.50694528,1.911034983,4.711357326,43.10087261,Active,PowerPoint,54:11.8
34.15878618,207.0041973,6,32,20.56262154,48.19980695,0.931625582,49.63593419,Active,Calculator,54:41.8
33.39685672,156.1829815,4,31,23.74724734,41.78310422,11.77644295,41.13515115,Active,Spotify,55:11.8
41.21171088,40.68363754,9,20,76.27511986,41.14912001,1.119742394,50.7365649,Active,Notepad,55:41.8
37.50883232,126.8093192,7,19,89.9490629,3.563457765,22.82353687,46.69896157,Active,Word,56:11.8
31.88770119,93.58826958,8,24,30.74009017,27.00073198,0.036686706,17.36012898,Active,PowerPoint,56:41.8
23.94751433,173.9380883,8,30,92.73351485,22.21388758,1.529117366,38.98294502,Active,Discord,57:11.8
0.085585997,250.5337835,10,29,43.11319481,32.05612769,1.114844691,47.27799838,Active,Firefox,57:41.8
31.44427329,10,6,22,71.42851928,40.57025762,0.070461205,40.25658738,Active,Photoshop,58:11.8
28.11531531,158.6269559,4,35,84.3640096,19.72805899,6.590710017,15.14419759,Active,Excel,58:41.8
29.07368256,137.9900403,10,25,5.546964531,20.48032951,5.911477358,69.4622589,Active,Chrome,59:11.8
5.848771363,200.3505057,10,38,63.543163,43.59855673,7.859529765,25.55688693,Active,VS Code,59:41.8
8.784151894,165.9897471,5,24,92.85927632,7.410000744,1.483267959,20.15606811,Active,Steam,00:11.8
40.7972928,93.60230012,7,29,33.18004939,15.06677127,2.937949925,45.81637133,Active,Slack,00:41.8
24.40667269,126.0709548,8,32,18.30255693,30.11673664,5.381028826,38.68486326,Active,WhatsApp,01:11.8
35.22251046,90.29806074,4,26,64.84356306,47.99440746,2.897025974,57.02883187,Active,Chrome,01:41.8
25.42477564,230.7005354,7,20,54.00329837,10.62450523,5.975491007,62.45307871,Active,Photoshop,02:11.8
25.44634209,151.5983737,12,26,40.18087906,65.79397979,5.025246468,59.41129704,Active,Telegram,02:41.8
39.07425709,292.5893014,8,19,49.9336187,2.986744777,0.608848752,44.96433979,Active,Word,03:11.8
17.25932908,145.450439,6,31,0,61.00557648,7.594402342,56.06594849,Active,FileExplorer,03:41.8
26.44181165,96.86949248,5,20,62.13425969,53.99180298,6.376920831,13.79973809,Active,PowerPoint,04:11.8
18.06587067,36.47142055,8,29,97.77793566,1.397968155,5.333161531,66.88721715,Active,Word,04:41.8
18.48255659,14.76452428,9,26,28.55972631,0,0.842647172,36.90340718,Active,Spotify,05:11.8
20.36241815,31.18980427,4,31,25.14749209,44.39728338,1.559849568,84.39875824,Active,Steam,05:41.8
28.33200657,170.0344988,9,24,55.17685232,22.4519763,2.497590903,67.49599954,Active,Chrome,06:11.8
17.81877068,188.1543767,6,26,135.3763235,9.861059008,1.64203162,41.05428834,Active,TaskManager,06:41.8
43.83634188,31.41069735,11,22,82.99649821,66.23402418,1.292625108,45.42821257,Active,Telegram,07:11.8
11.58089047,217.1278736,9,28,47.17475646,6.121951196,8.182958053,68.68123229,Active,Telegram,07:41.8
22.19692534,113.7704211,8,31,51.18796454,15.46122805,5.083764188,5,Active,Photoshop,08:11.8
18.40403413,161.0094759,8,17,85.96540627,17.83203374,4.167475986,41.79538433,Active,Slack,08:41.8
46.70466827,270.9165471,7,28,22.71874257,0,1.280611551,79.02847481,Active,Chrome,09:11.8
27.94832165,217.2629487,7,24,68.3522782,31.82735518,12.50985077,61.8970718,Active,Firefox,09:41.8
40.47766809,129.8602014,7,19,16.47634973,11.76882889,1.060913205,28.2457225,Active,Discord,10:11.8
2.716594404,83.16058309,7,24,77.74744008,46.2107223,7.922529882,51.28949222,Active,Spotify,10:41.8
29.00575399,10,12,23,41.18136823,48.82525446,17.006887,25.46613609,Active,Photoshop,11:11.8
38.34446193,96.06350106,11,17,56.02082376,34.63442,6.493116045,38.17066254,Active,Slack,11:41.8
26.23425984,134.1652321,7,28,39.23371745,34.86093259,24.70935487,51.67675238,Active,Slack,12:11.8
40.98220563,75.96153546,4,27,70.96060128,33.27178229,5.264149172,55.19650363,Active,PowerPoint,12:41.8
17.24067325,140.1557275,14,14,44.7595425,15.99191631,1.226053394,59.58837448,Active,Firefox,13:11.8
46.1402116,155.7638912,10,34,114.7391506,17.70344099,1.139646761,69.67574554,Active,Word,13:41.8
59.48347185,133.1358014,11,30,92.56602769,56.46453896,1.961986458,21.12547511,Active,TaskManager,14:11.8
19.55742159,101.2498064,5,26,10.87134013,44.70482889,0.035777801,45.48042055,Active,Discord,14:41.8
18.31746218,162.6491004,13,29,55.74368408,34.12173969,5.723780691,27.99305804,Active,Notepad,15:11.8
46.80076716,183.1455487,8,26,72.05465696,42.00130653,1.564437277,37.02287206,Active,VS Code,15:41.8
48.69358219,68.22006919,5,34,36.25522014,28.77832942,8.441951948,29.9112478,Active,Telegram,16:11.8
17.15709959,255.8199285,7,21,86.37430112,33.69893539,2.22497602,54.98806973,Active,MediaPlayer,16:41.8
18.69719774,142.6058901,8,21,82.83952448,41.89033822,3.269214022,66.0603842,Active,VS Code,17:11.8
20.77323087,151.4137217,10,31,47.4931234,0,16.86143422,67.14028448,Active,Firefox,17:41.8
4.833242334,203.1160817,5,31,79.43647652,48.12277836,1.386494972,22.89653838,Active,Slack,18:11.8
11.2202208,167.4912098,5,22,0,46.68680442,6.387273278,42.53403907,Active,Slack,18:41.8
9.937888499,221.4852475,4,23,90.72764628,14.38623446,7.034889784,22.34196215,Active,Telegram,19:11.8
13.48303652,171.5343124,5,22,76.59526406,54.88205032,1.24870934,21.67543544,Active,PowerPoint,19:41.8
24.47972669,104.0671969,12,21,17.36966916,0,3.475714219,31.76537251,Active,FileExplorer,20:11.8
28.51322099,177.1127644,2,22,57.5564108,37.0590617,2.155468093,51.86595382,Active,MediaPlayer,20:41.8
48.25750739,64.22053445,7,32,0,30.79866093,7.389992607,55.37830086,Active,FileExplorer,21:11.8
10.02468939,158.1419779,9,32,27.09729101,23.81057851,4.870702616,58.08459013,Active,Chrome,21:41.8
39.76483598,147.5077507,9,28,82.86918014,30.38734655,3.231156286,56.84716816,Active,PowerPoint,22:11.8
21.79016734,134.3912357,7,26,49.61491525,41.65461117,7.556188316,28.04298053,Active,Firefox,22:41.8
24.25804436,140.3596866,10,17,47.95391082,0,1.340414127,68.65518038,Active,Slack,23:11.8
35.12229238,10,8,25,51.35678572,50.01929181,7.004439262,61.06560072,Active,Notepad,23:41.8
8.159169677,108.8456319,10,20,47.85711061,21.79452975,10.02628517,36.74619681,Active,Calculator,24:11.8
30.73614619,156.9633676,10,23,79.62469151,50.30905696,10.54421157,37.50160656,Active,VS Code,24:41.8
27.49678312,161.9892294,3,29,31.43031157,42.87035355,7.654834342,31.84916832,Active,Word,25:11.8
32.38676896,72.92436443,4,25,62.58038221,21.37859718,2.621362876,19.16313465,Active,Spotify,25:41.8
29.33752966,244.9280881,7,23,15.66147005,28.41347607,20.03387295,58.32049711,Active,Discord,26:11.8
61.8295021,85.03688638,7,26,72.23297685,29.58841146,2.386903012,61.44123569,Active,WhatsApp,26:41.8
15.43390024,222.70929,8,24,40.35886694,62.12520761,5.089200915,26.47895076,Active,Notepad,27:11.8
17.03504567,182.0395771,4,24,48.77037401,7.191084265,0.878164945,20.36282578,Active,Excel,27:41.8
15.6528921,101.5329518,9,31,39.13487183,21.23854286,19.67361829,26.26926426,Active,Chrome,28:11.8
16.66784321,283.1483169,13,25,42.93039798,0,6.086741323,47.20489264,Active,MediaPlayer,28:41.8
15.43919309,60.47723762,8,29,19.85821317,32.47816491,6.999483175,17.36045251,Active,Calculator,29:11.8
42.83524797,218.936563,9,28,59.87750186,17.52981973,0.340198969,67.5561996,Active,Word,29:41.8
46.30756372,225.0436739,10,18,66.63992292,19.95656986,7.207298114,66.35915489,Active,Steam,30:11.8
16.43880559,99.70348432,5,29,10.08079538,59.69380805,7.452132141,53.48689888,Active,Photoshop,30:41.8
12.5146664,254.4348975,6,19,32.10800282,13.53260955,5.570245016,61.194715,Active,Firefox,31:11.8
32.07123335,131.2465114,5,21,50.90041528,26.80955904,1.725917646,46.17510776,Active,PowerPoint,31:41.8
16.71665434,171.6520222,10,24,32.04055585,20.82799428,3.363684887,54.3030799,Active,Chrome,32:11.8
34.49397727,169.5241379,7,32,43.31535157,22.08339247,0.585109965,18.99635513,Active,Firefox,32:41.8
28.04384531,139.9268444,9,24,98.48305221,85.43579219,3.189386149,72.80958954,Active,Word,33:11.8
2.263838275,210.8106205,11,21,19.45511644,0,1.397404654,35.25294122,Active,FileExplorer,33:41.8
48.21257802,209.511654,7,35,0,42.88137086,2.146973143,42.42398342,Active,Spotify,34:11.8
51.9381651,18.86010201,8,20,32.03780563,78.54746769,0.887269566,94.74401535,Active,TaskManager,34:41.8
15.80816964,247.8255182,9,25,40.15520945,51.58171543,1.30717687,40.59985102,Active,Spotify,35:11.8
19.1844766,25.3131009,9,19,35.30030153,30.93884331,0.39829405,59.7880363,Active,VS Code,35:41.8
29.28798086,227.4409653,5,28,58.06433592,6.544633597,12.62248242,55.29064933,Active,Photoshop,36:11.8
30.01685185,234.5028853,10,24,19.1575472,56.09548668,3.779483852,18.34362739,Active,Notepad,36:41.8
34.87816409,68.17751773,8,32,14.7415965,48.74691956,2.527051327,25.00513897,Active,VS Code,37:11.8
55.15306808,119.1889284,11,18,29.76538477,0,3.828903493,85.71777287,Active,WhatsApp,37:41.8
22.34579159,67.07214986,8,29,30.38453791,23.5943754,4.948249921,56.58325885,Active,Notepad,38:11.8
13.02554133,133.8809227,5,24,113.6252284,5.878121074,12.74746864,44.66249989,Active,PowerPoint,38:41.8
4.31021158,126.8974287,9,22,96.57342644,0,0.984291236,34.28703855,Active,WhatsApp,39:11.8
14.0360494,208.4745399,9,26,0,5.412850388,1.751707347,51.40155124,Active,Telegram,39:41.8
24.50309541,248.273156,9,24,0,32.10878452,18.60481048,53.30295466,Active,Notepad,40:11.8
51.91836795,254.6762858,5,18,47.42741157,41.60638355,2.319654422,49.5304308,Active,Discord,40:41.8
17.23583051,107.837398,10,27,107.3478504,23.53126094,0.114100295,66.37921162,Active,TaskManager,41:11.8
28.35681927,134.3083595,10,31,69.98269225,57.48250785,0.798752019,27.66282836,Active,WhatsApp,41:41.8
24.75365656,23.74213558,9,24,49.01342902,50.58879825,0.133458894,24.98597126,Active,MediaPlayer,42:11.8
42.8258991,89.55974501,8,28,36.31777182,27.49444726,22.98756907,65.86140984,Active,FileExplorer,42:41.8
62.90398639,222.3638725,8,25,82.31487429,24.94794625,1.634685151,87.25374774,Active,VS Code,43:11.8
17.03696841,271.1687118,10,26,55.33968139,37.65479237,12.85511804,61.85184885,Active,Photoshop,43:41.8
17.65840836,57.42383461,10,27,101.9527515,29.6430718,27.4671326,70.95507424,Active,Word,44:11.8
40.66241316,105.5651806,3,27,0,1.486318369,4.579469317,43.50318728,Active,Slack,44:41.8
35.22837234,148.0195682,14,28,62.70937366,24.09236031,0.168799093,50.3223005,Active,Steam,45:11.8
52.70060989,171.0120869,11,21,33.10106997,43.31134396,0.425565701,50.05312691,Active,WhatsApp,45:41.8
33.75892278,89.27973601,8,26,62.42825653,56.2948053,3.284935107,43.89146704,Active,PowerPoint,46:11.8
19.61061864,181.8045783,8,23,57.52568755,49.20327794,2.605827928,73.22593732,Active,VS Code,46:41.8
33.85982246,114.462049,8,16,65.28998627,36.68605395,4.659272428,67.3169455,Active,Discord,47:11.8
41.63055371,148.9160797,9,21,79.3274644,59.14743285,2.888815632,37.01531561,Active,PowerPoint,47:41.8
37.30723272,190.9713186,12,28,91.69377739,38.47903336,13.59632799,12.08845882,Active,Telegram,48:11.8
32.60911047,150.4816702,13,32,108.5516951,28.22899897,3.825791391,43.72851446,Active,Steam,48:41.8
41.00012034,117.2710582,11,22,50.47382903,59.57423136,5.916376768,21.9069563,Active,MediaPlayer,49:11.8
42.53943386,141.7792647,7,31,33.72950079,44.40517318,11.34020692,45.47350113,Active,WhatsApp,49:41.8
45.73238487,143.3727781,7,26,13.22534694,56.04006188,0.794227693,23.48268149,Active,Word,50:11.8
34.73064831,122.2491728,5,32,63.04659021,6.247862649,1.305101092,70.13033272,Active,Discord,50:41.8
22.4932288,130.5902953,6,25,75.04752042,12.79462742,0.567628022,58.6884544,Active,Steam,51:11.8
27.2007053,269.8985378,3,20,9.546567529,13.65189851,0.75201256,58.20263159,Active,VS Code,51:41.8
43.0976345,192.0689586,9,30,84.33994953,33.6355325,3.593186216,66.44371675,Active,Word,52:11.8
12.74596494,127.8389761,13,19,46.95949069,66.48699066,1.936990953,52.82214488,Active,Spotify,52:41.8
30.53009963,202.2715803,7,17,12.32549647,7.221062559,2.75106303,55.93603577,Active,PowerPoint,53:11.8
19.09991782,124.9635383,7,22,24.55138417,48.10730012,20.22486763,73.69397466,Active,PowerPoint,53:41.8
25.43117234,237.9843478,11,28,21.70271712,5.948629115,0.852188341,42.30969744,Active,Excel,54:11.8
44.17677794,177.7231644,6,25,22.23634256,72.35038803,3.891478605,57.10230669,Active,Telegram,54:41.8
27.86648602,141.9523392,9,18,67.09704189,0,0.520535147,23.9372298,Active,WhatsApp,55:11.8
25.69654822,183.5787694,13,30,75.91483186,44.80600658,1.917268091,46.58553831,Active,VS Code,55:41.8
4.602157885,32.18428859,11,19,100.9743674,47.60750846,3.748861992,90.18567441,Active,Excel,56:11.8
36.19380349,65.49243983,11,18,29.05333303,42.40009978,14.65269602,61.2965076,Active,Discord,56:41.8
34.68226272,60.45562452,8,20,60.28868802,12.4550086,2.481559145,43.28011369,Active,Spotify,57:11.8
57.44882085,160.7207321,12,30,30.58922599,8.873130558,0.335544823,50.29081231,Active,Notepad,57:41.8
20.38332648,279.938625,12,17,50.60371709,55.44801255,2.456434176,44.58003487,Active,Firefox,58:11.8
28.28725491,317.347511,15,29,5.58858838,50.96813264,0.787605292,49.6340124,Active,Notepad,58:41.8
28.74075526,197.8538326,4,30,16.30408579,50.69521614,1.306756375,37.019863,Active,TaskManager,59:11.8
48.6617992,187.5633356,6,20,74.09181466,53.1194398,4.81285966,54.897424,Active,Firefox,59:41.8
23.57056701,14.92066994,5,30,5.496021437,0,0.34902243,55.60619872,Active,Word,00:11.8
29.18532289,109.299465,8,30,68.44492903,0,3.124861609,45.13276021,Active,FileExplorer,00:41.8
34.11844765,90.91621861,10,32,29.71552844,16.57352385,4.701144716,47.80118612,Active,Slack,01:11.8
27.79913685,103.4364301,7,16,0,20.40717189,2.739682222,51.81535351,Active,FileExplorer,01:41.8
18.30349578,137.3892136,7,27,0,18.27595563,0.096558127,34.45513945,Active,Firefox,02:11.8
27.91134989,114.5932067,3,28,93.9038404,35.54995945,21.1747124,54.70540669,Active,Notepad,02:41.8
41.10447625,10,10,20,0,52.30500987,2.287338802,60.60315435,Active,Spotify,03:11.8
9.602270509,206.0932692,9,21,48.06882152,24.12009583,7.53840612,74.29732213,Active,Firefox,03:41.8
26.99454511,69.54427307,8,21,60.61852383,13.69365527,1.970004066,51.367449,Active,Steam,04:11.8
14.49818778,167.9435148,9,26,10.60393313,46.25846202,3.221944675,33.88728224,Active,Slack,04:41.8
42.92569943,305.5562002,7,30,33.39423895,24.36071023,2.458904348,42.94125483,Active,MediaPlayer,05:11.8
2.152196428,81.04615563,7,24,64.3647173,32.14649766,2.096850907,22.14071892,Active,Spotify,05:41.8
16.61617229,10,10,25,58.79948554,23.35053495,0.110468272,59.54705165,Active,Chrome,06:11.8
30.65817813,128.5496834,6,25,36.18273301,36.79940719,2.231599093,5,Active,MediaPlayer,06:41.8
48.48286044,232.5719726,6,26,57.10713889,9.72191734,11.01324589,65.49310381,Active,Excel,07:11.8
24.01374608,296.8760591,8,20,46.93296007,44.52544452,5.862263107,67.90648531,Active,Calculator,07:41.8
16.6720071,57.78378042,11,30,20.88750261,29.34446596,0.785742522,5,Active,Steam,08:11.8
53.21735604,187.2524417,8,35,86.0147137,14.7136754,4.472095896,70.50561986,Active,MediaPlayer,08:41.8
3.279791494,115.1017157,11,26,56.22261755,40.61865973,11.13881966,65.54572339,Active,Photoshop,09:11.8
0,142.0538734,8,22,0,14.69457742,6.020431403,39.19896433,Active,WhatsApp,09:41.8
31.60021675,348.325751,10,20,65.65023948,15.57854804,0.804861762,21.16368618,Active,Steam,10:11.8
17.46918663,37.27722537,6,17,31.5345245,5.974462025,10.11842598,28.244818,Active,Excel,10:41.8
9.681507743,169.0304746,8,28,41.31691428,0,1.794415567,29.82964407,Active,Calculator,11:11.8
35.62534671,185.0769879,7,21,50.24584503,40.68570758,3.026378857,71.3211192,Active,PowerPoint,11:41.8
28.65701071,231.4339744,7,26,26.21157491,53.31233298,3.734245917,36.01919615,Active,Calculator,12:11.8
16.53882054,157.3487365,3,25,104.0911359,20.98800551,9.502515318,63.10646192,Active,Discord,12:41.8
5.79543402,173.1037905,11,18,5.200468242,14.03054978,13.41246019,42.51878644,Active,FileExplorer,13:11.8
38.08685992,120.6263574,7,21,51.70062432,0,13.27156702,46.10151277,Active,Excel,13:41.8
34.75301767,170.1845206,6,18,61.44054743,0,0.039929923,13.57208811,Active,Notepad,14:11.8
23.51236204,124.2605793,11,19,51.23638325,44.53461091,12.74808901,22.05859709,Active,Notepad,14:41.8
52.69955494,196.6178917,2,21,44.27042575,0,0.279609243,70.86195042,Active,Calculator,15:11.8
8.948728505,122.2792248,7,25,38.68960151,7.121328588,1.544689642,41.88554957,Active,WhatsApp,15:41.8
2.117122436,178.2825295,9,18,25.90460163,35.66862637,3.617906733,51.01318898,Active,Firefox,16:11.8
14.62137895,147.805289,8,23,25.37260525,31.79414525,3.268917859,81.12714319,Active,PowerPoint,16:41.8
24.31620975,234.4537688,12,21,84.75630354,36.49404767,4.640675424,42.44747643,Active,Calculator,17:11.8
28.65009174,146.1454707,6,16,36.7475983,30.13838897,3.264310447,41.31508042,Active,Slack,17:41.8
21.38145913,17.02256488,13,24,113.96557,22.86146292,13.61904457,69.12171775,Active,Photoshop,18:11.8
30.28083095,244.6441126,11,19,70.06820956,7.242686507,1.375796376,45.2469938,Active,Telegram,18:41.8
6.226908637,82.07007744,12,31,0,17.31713109,1.601196393,51.40014054,Active,Photoshop,19:11.8
46.65646906,100.9675246,4,29,76.49777049,24.21904248,12.67497823,64.93632579,Active,Calculator,19:41.8
23.76773232,105.3254029,14,25,48.40520583,0,0.399219337,45.00229288,Active,Slack,20:11.8
41.75943747,253.082857,4,19,8.301447578,14.27327792,4.702415379,60.75176947,Active,Firefox,20:41.8
30.1408802,10,12,18,89.12765599,22.55562981,5.724369507,42.68307455,Active,Word,21:11.8
31.85129829,385.33114,5,24,36.922492,16.22070488,3.521462532,64.62278307,Active,FileExplorer,21:41.8
33.5465092,229.2042607,6,19,34.37202919,23.14890963,5.924641191,53.42654139,Active,Discord,22:11.8
31.7156284,166.7429186,12,17,61.25570051,43.37455502,0.948269742,40.49192013,Active,Discord,22:41.8
34.6408414,145.88295,9,32,84.28491019,45.82971855,9.574119993,46.48499165,Active,WhatsApp,23:11.8
44.93728795,171.4165556,10,32,53.40245595,60.22706296,0.754263808,5,Active,Telegram,23:41.8
27.94781755,189.0841821,9,24,51.25458044,0,2.560903076,68.87547317,Active,PowerPoint,24:11.8
35.63505636,198.3911689,8,22,29.09401957,21.58509702,0.391200341,19.9073103,Active,FileExplorer,24:41.8
23.65396459,191.670335,11,32,83.77270547,54.5515901,3.939609386,23.61764679,Active,Chrome,25:11.8
46.60175823,156.7185511,7,28,53.6915236,0,5.539463203,36.23962876,Active,Telegram,25:41.8
14.85411547,135.1996185,10,21,43.23670618,6.475414953,14.16990718,9.140988454,Active,Discord,26:11.8
52.01410649,138.6545037,7,24,39.51479369,17.68528666,6.722619044,54.3523256,Active,Spotify,26:41.8
24.39763074,135.381879,16,22,80.80476787,70.88647605,3.894646565,52.22028009,Active,Spotify,27:11.8
3.538373468,235.0327573,7,32,42.13029211,10.50934592,13.48681387,35.26921931,Active,Notepad,27:41.8
26.92156622,194.5167542,12,15,80.88192854,51.67641284,3.25462448,31.43920274,Active,VS Code,28:11.8
14.78422514,10,5,23,35.8527589,29.44206213,4.118622169,31.13206926,Active,Firefox,28:41.8
37.60965323,199.1925582,7,36,71.66916451,7.070919678,4.532921556,57.29596821,Active,Excel,29:11.8
15.21064031,164.6052146,11,24,56.21288541,85.99648293,2.637991899,13.12548288,Active,PowerPoint,29:41.8
18.3072485,148.5968433,8,17,21.47735034,33.89296008,9.115714815,36.82001642,Active,TaskManager,30:11.8
0,120.861116,11,33,47.39071707,37.52404636,1.023915325,14.4114456,Active,Slack,30:41.8
18.21540521,234.308454,6,28,0,40.69015096,4.046632157,60.37488909,Active,Firefox,31:11.8
0,221.0644847,9,31,27.67880477,39.13912364,6.404867843,38.27555172,Active,WhatsApp,31:41.8
1.241457648,92.03417491,7,34,2.665807842,73.04146712,11.71579454,55.93498708,Active,Slack,32:11.8
36.40621984,180.5289215,5,28,109.9250028,65.71887697,10.76730928,69.99075279,Active,Steam,32:41.8
36.78700238,77.12574491,8,18,3.01908152,11.36803713,3.553911745,70.32854075,Active,Photoshop,33:11.8
31.38186343,46.52863764,4,30,127.5737188,70.37449826,5.152359218,24.55797412,Active,PowerPoint,33:41.8
10.49535785,102.9962082,4,31,65.42838598,15.99734094,2.506338369,51.18919992,Active,Chrome,34:11.8
24.28432966,214.6795104,4,23,34.43398496,36.44481762,3.157229931,67.4278804,Active,Excel,34:41.8
24.94596191,221.4843784,12,21,74.19080302,0.969637631,11.83646041,58.92952928,Active,Discord,35:11.8
7.624529662,188.4814065,6,19,30.66455843,50.73212828,13.34683998,60.90660544,Active,VS Code,35:41.8
47.55097453,204.382184,9,32,7.713533588,23.85277517,11.28873067,9.333530296,Active,Notepad,36:11.8
38.16043436,188.7133715,8,24,52.37210805,7.010247268,0.744651675,58.62293929,Active,Discord,36:41.8
21.68553739,101.8888804,4,14,71.00218089,53.77002028,9.48840142,29.14137407,Active,Slack,37:11.8
25.40328758,182.3941909,10,19,88.35232686,58.7240279,14.81765483,58.29372101,Active,FileExplorer,37:41.8
28.12574212,210.0307144,13,20,64.93190329,59.40205563,2.241208297,57.85615978,Active,Word,38:11.8
0,206.5718497,7,26,34.11963429,0,3.65576457,56.79834466,Active,Excel,38:41.8
21.29233926,239.1685029,6,32,91.58828246,61.4708584,7.550118461,42.78701703,Active,Photoshop,39:11.8
14.77023628,203.1227885,11,20,84.88927479,23.98968639,4.128573904,71.3218272,Active,Word,39:41.8
9.975699852,176.3586156,6,29,58.07052583,71.03006942,25.16710594,55.20616013,Active,VS Code,40:11.8
20.78349561,230.2612679,8,31,86.3233324,42.49907396,3.041396343,51.43031892,Active,Discord,40:41.8
51.9652979,148.0109056,6,21,115.5443093,35.02662521,6.257815889,26.31178298,Active,WhatsApp,41:11.8
34.61264292,83.85940116,13,20,33.6924818,30.17042145,7.865316328,52.9218201,Active,Discord,41:41.8
16.43231515,137.7699777,7,33,23.00966953,29.72674153,3.407085398,84.57421368,Active,Firefox,42:11.8
33.58874172,94.13230164,5,24,32.81932429,16.40971369,9.723987042,17.19635029,Active,Chrome,42:41.8
